"","gene","variable","value","region","stage"
"1","Solyc01g006250.1.1","a1.leaf",-1.21930113529721,"leaf","1"
"2","Solyc01g006300.2.1","a1.leaf",-0.637461970117854,"leaf","1"
"3","Solyc01g006850.1.1","a1.leaf",-1.17913279573379,"leaf","1"
"4","Solyc01g008940.2.1","a1.leaf",-0.697679074344922,"leaf","1"
"5","Solyc01g017500.1.1","a1.leaf",-0.907196589171203,"leaf","1"
"6","Solyc01g080050.2.1","a1.leaf",-1.1259828854254,"leaf","1"
"7","Solyc01g099260.2.1","a1.leaf",-0.444100493634558,"leaf","1"
"8","Solyc01g099450.2.1","a1.leaf",-1.13992182072431,"leaf","1"
"9","Solyc01g103660.2.1","a1.leaf",-0.728228043679359,"leaf","1"
"10","Solyc01g111160.2.1","a1.leaf",-0.729432927272557,"leaf","1"
"11","Solyc02g070420.2.1","a1.leaf",-0.774456244801999,"leaf","1"
"12","Solyc02g084130.2.1","a1.leaf",-0.467381804407905,"leaf","1"
"13","Solyc02g089480.1.1","a1.leaf",-0.708567929689676,"leaf","1"
"14","Solyc02g090690.1.1","a1.leaf",-0.954532949292346,"leaf","1"
"15","Solyc02g091140.2.1","a1.leaf",-0.701065918927538,"leaf","1"
"16","Solyc02g093380.1.1","a1.leaf",0.292595887122018,"leaf","1"
"17","Solyc03g013440.2.1","a1.leaf",-0.332725009466258,"leaf","1"
"18","Solyc03g045150.1.1","a1.leaf",-0.749542169374166,"leaf","1"
"19","Solyc03g083730.1.1","a1.leaf",-0.789076847797777,"leaf","1"
"20","Solyc03g113180.2.1","a1.leaf",0.402945041690004,"leaf","1"
"21","Solyc03g119470.1.1","a1.leaf",-0.839537577805585,"leaf","1"
"22","Solyc03g121680.1.1","a1.leaf",-0.615782117104247,"leaf","1"
"23","Solyc03g122070.1.1","a1.leaf",-0.534511568798735,"leaf","1"
"24","Solyc04g015820.1.1","a1.leaf",-0.630215688530089,"leaf","1"
"25","Solyc04g074400.1.1","a1.leaf",-1.00349760482687,"leaf","1"
"26","Solyc04g074920.2.1","a1.leaf",-0.91323585232987,"leaf","1"
"27","Solyc04g074970.2.1","a1.leaf",-1.37350074887938,"leaf","1"
"28","Solyc04g081990.2.1","a1.leaf",0.173944987591196,"leaf","1"
"29","Solyc05g026600.2.1","a1.leaf",-0.776037391925983,"leaf","1"
"30","Solyc05g048820.2.1","a1.leaf",0.381234746587832,"leaf","1"
"31","Solyc06g006020.1.1","a1.leaf",-0.612644124690902,"leaf","1"
"32","Solyc06g009140.2.1","a1.leaf",-1.08628766751991,"leaf","1"
"33","Solyc06g054150.1.1","a1.leaf",0.300384793436003,"leaf","1"
"34","Solyc06g060010.2.1","a1.leaf",-0.608367108979912,"leaf","1"
"35","Solyc06g068190.1.1","a1.leaf",-0.112459542892158,"leaf","1"
"36","Solyc06g072320.2.1","a1.leaf",-0.678601404099031,"leaf","1"
"37","Solyc06g073580.2.1","a1.leaf",-0.0780562519021142,"leaf","1"
"38","Solyc06g075020.2.1","a1.leaf",-0.747113167351212,"leaf","1"
"39","Solyc06g075520.2.1","a1.leaf",-0.442969373565921,"leaf","1"
"40","Solyc06g082770.2.1","a1.leaf",-0.860468170650931,"leaf","1"
"41","Solyc07g008400.1.1","a1.leaf",-0.665205730204944,"leaf","1"
"42","Solyc07g042510.2.1","a1.leaf",0.232505719614478,"leaf","1"
"43","Solyc07g047740.2.1","a1.leaf",-0.302293277488609,"leaf","1"
"44","Solyc07g048060.1.1","a1.leaf",-0.885701101446958,"leaf","1"
"45","Solyc07g054710.1.1","a1.leaf",-0.748512109772395,"leaf","1"
"46","Solyc08g013960.1.1","a1.leaf",-0.566456899354609,"leaf","1"
"47","Solyc08g060840.1.1","a1.leaf",-0.812320961412731,"leaf","1"
"48","Solyc09g011580.2.1","a1.leaf",-1.25137637926592,"leaf","1"
"49","Solyc09g015350.2.1","a1.leaf",-1.17767251716011,"leaf","1"
"50","Solyc09g075520.1.1","a1.leaf",-0.472957023279236,"leaf","1"
"51","Solyc09g091110.2.1","a1.leaf",-1.05077998612469,"leaf","1"
"52","Solyc10g080670.1.1","a1.leaf",-0.88065831781501,"leaf","1"
"53","Solyc10g084540.1.1","a1.leaf",0.0807831000712837,"leaf","1"
"54","Solyc11g007600.1.1","a1.leaf",-1.32742601386317,"leaf","1"
"55","Solyc11g008520.1.1","a1.leaf",-1.08927953850316,"leaf","1"
"56","Solyc11g010220.1.1","a1.leaf",-1.13232867939259,"leaf","1"
"57","Solyc11g011350.1.1","a1.leaf",-1.19257984060437,"leaf","1"
"58","Solyc11g011790.1.1","a1.leaf",-0.849170790782573,"leaf","1"
"59","Solyc11g011890.1.1","a1.leaf",-1.40144713602061,"leaf","1"
"60","Solyc12g010500.1.1","a1.leaf",-1.01138907346202,"leaf","1"
"61","Solyc12g010570.1.1","a1.leaf",-0.956841470294914,"leaf","1"
"62","Solyc12g100350.1.1","a1.leaf",-1.0529762657928,"leaf","1"
"63","Solyc01g056330.1.1","a1.leaf",-0.811547744344342,"leaf","1"
"64","Solyc01g095560.2.1","a1.leaf",-0.741877246217422,"leaf","1"
"65","Solyc01g110180.2.1","a1.leaf",-1.56568570325921,"leaf","1"
"66","Solyc02g050240.2.1","a1.leaf",-0.587576660311091,"leaf","1"
"67","Solyc02g069870.1.1","a1.leaf",-0.785485204121434,"leaf","1"
"68","Solyc02g085320.1.1","a1.leaf",-0.354169089381097,"leaf","1"
"69","Solyc02g092770.2.1","a1.leaf",-0.771010061188182,"leaf","1"
"70","Solyc03g083880.2.1","a1.leaf",-0.748986722069069,"leaf","1"
"71","Solyc03g110890.1.1","a1.leaf",-0.671777179685003,"leaf","1"
"72","Solyc04g014830.1.1","a1.leaf",-1.52054816703185,"leaf","1"
"73","Solyc05g007640.2.1","a1.leaf",-0.4708233842278,"leaf","1"
"74","Solyc05g043410.1.1","a1.leaf",-0.894584327765452,"leaf","1"
"75","Solyc05g055540.1.1","a1.leaf",-0.620882971410142,"leaf","1"
"76","Solyc06g071610.1.1","a1.leaf",-0.827010688912149,"leaf","1"
"77","Solyc06g074240.1.1","a1.leaf",-0.615401512958299,"leaf","1"
"78","Solyc07g005170.1.1","a1.leaf",-0.0948151883029264,"leaf","1"
"79","Solyc07g008440.2.1","a1.leaf",-0.516473415577518,"leaf","1"
"80","Solyc07g043250.1.1","a1.leaf",-0.632495040433501,"leaf","1"
"81","Solyc07g047640.2.1","a1.leaf",-0.444775722030675,"leaf","1"
"82","Solyc07g049550.2.1","a1.leaf",0.00501817721979929,"leaf","1"
"83","Solyc08g016310.2.1","a1.leaf",-0.036261169506224,"leaf","1"
"84","Solyc08g022180.1.1","a1.leaf",-0.736853294652245,"leaf","1"
"85","Solyc09g064490.1.1","a1.leaf",-0.443338218540465,"leaf","1"
"86","Solyc09g082550.2.1","a1.leaf",-1.18903229228078,"leaf","1"
"87","Solyc09g098250.2.1","a1.leaf",0.292125411997161,"leaf","1"
"88","Solyc10g017610.1.1","a1.leaf",-1.61832362264044,"leaf","1"
"89","Solyc10g083410.1.1","a1.leaf",-0.709918917545311,"leaf","1"
"90","Solyc11g031950.1.1","a1.leaf",0.378505305682858,"leaf","1"
"91","Solyc11g040170.1.1","a1.leaf",-1.32525650797364,"leaf","1"
"92","Solyc12g044180.1.1","a1.leaf",-0.460493492734883,"leaf","1"
"93","Solyc12g049500.1.1","a1.leaf",-0.862475560112325,"leaf","1"
"94","Solyc12g088640.1.1","a1.leaf",-0.614486278998249,"leaf","1"
"95","Solyc03g078120.2.1","a1.leaf",-0.47395597882031,"leaf","1"
"96","Solyc03g118450.1.1","a1.leaf",-0.976118702941009,"leaf","1"
"97","Solyc06g050160.2.1","a1.leaf",-0.783790583169298,"leaf","1"
"98","Solyc03g082550.2.1","a1.leaf",-0.444775722030675,"leaf","1"
"99","Solyc09g007710.2.1","a1.leaf",-0.595562948018381,"leaf","1"
"100","Solyc00g230080.1.1","a1.leaf",-0.834906776484868,"leaf","1"
"101","Solyc01g007780.2.1","a1.leaf",-0.592012431960275,"leaf","1"
"102","Solyc01g112050.2.1","a1.leaf",-0.474270048219489,"leaf","1"
"103","Solyc02g082050.2.1","a1.leaf",-0.658963321948411,"leaf","1"
"104","Solyc07g055020.2.1","a1.leaf",-0.564532242479803,"leaf","1"
"105","Solyc08g083400.2.1","a1.leaf",-0.852612526026853,"leaf","1"
"106","Solyc09g014860.2.1","a1.leaf",-0.458258913173015,"leaf","1"
"107","Solyc12g010720.1.1","a1.leaf",-0.826114402882961,"leaf","1"
"108","Solyc10g055730.1.1","a1.leaf",-0.66935529339409,"leaf","1"
"109","Solyc08g079190.1.1","a1.leaf",-0.649245768109021,"leaf","1"
"110","Solyc06g060530.1.1","a1.leaf",-0.474270048219489,"leaf","1"
"111","Solyc11g044250.1.1","a1.leaf",-0.462594717138522,"leaf","1"
"112","Solyc01g006250.1.1","a1.SAM",-0.141189766453329,"SAM","1"
"113","Solyc01g006300.2.1","a1.SAM",-0.637461970117854,"SAM","1"
"114","Solyc01g006850.1.1","a1.SAM",0.380575782707854,"SAM","1"
"115","Solyc01g008940.2.1","a1.SAM",-0.0325039351178463,"SAM","1"
"116","Solyc01g017500.1.1","a1.SAM",-0.0757455527410116,"SAM","1"
"117","Solyc01g080050.2.1","a1.SAM",-1.1259828854254,"SAM","1"
"118","Solyc01g099260.2.1","a1.SAM",-0.444100493634558,"SAM","1"
"119","Solyc01g099450.2.1","a1.SAM",-1.13992182072431,"SAM","1"
"120","Solyc01g103660.2.1","a1.SAM",-0.728228043679359,"SAM","1"
"121","Solyc01g111160.2.1","a1.SAM",-0.729432927272557,"SAM","1"
"122","Solyc02g070420.2.1","a1.SAM",0.550215516777646,"SAM","1"
"123","Solyc02g084130.2.1","a1.SAM",-0.467381804407905,"SAM","1"
"124","Solyc02g089480.1.1","a1.SAM",-0.708567929689676,"SAM","1"
"125","Solyc02g090690.1.1","a1.SAM",-0.954532949292346,"SAM","1"
"126","Solyc02g091140.2.1","a1.SAM",-0.701065918927538,"SAM","1"
"127","Solyc02g093380.1.1","a1.SAM",-0.929445499921135,"SAM","1"
"128","Solyc03g013440.2.1","a1.SAM",0.422107212945801,"SAM","1"
"129","Solyc03g045150.1.1","a1.SAM",-0.749542169374166,"SAM","1"
"130","Solyc03g083730.1.1","a1.SAM",-0.786556005009388,"SAM","1"
"131","Solyc03g113180.2.1","a1.SAM",-1.39467871215464,"SAM","1"
"132","Solyc03g119470.1.1","a1.SAM",-0.839537577805585,"SAM","1"
"133","Solyc03g121680.1.1","a1.SAM",-0.615782117104247,"SAM","1"
"134","Solyc03g122070.1.1","a1.SAM",-0.534511568798735,"SAM","1"
"135","Solyc04g015820.1.1","a1.SAM",0.14392915256022,"SAM","1"
"136","Solyc04g074400.1.1","a1.SAM",-1.00349760482687,"SAM","1"
"137","Solyc04g074920.2.1","a1.SAM",-0.579522368004898,"SAM","1"
"138","Solyc04g074970.2.1","a1.SAM",0.163940002439322,"SAM","1"
"139","Solyc04g081990.2.1","a1.SAM",-1.14694759070472,"SAM","1"
"140","Solyc05g026600.2.1","a1.SAM",-0.384405769835694,"SAM","1"
"141","Solyc05g048820.2.1","a1.SAM",1.07624365783179,"SAM","1"
"142","Solyc06g006020.1.1","a1.SAM",-0.612644124690902,"SAM","1"
"143","Solyc06g009140.2.1","a1.SAM",-0.64865882369415,"SAM","1"
"144","Solyc06g054150.1.1","a1.SAM",-0.149617659867176,"SAM","1"
"145","Solyc06g060010.2.1","a1.SAM",1.29064510757874,"SAM","1"
"146","Solyc06g068190.1.1","a1.SAM",-0.798611278164638,"SAM","1"
"147","Solyc06g072320.2.1","a1.SAM",-0.678601404099031,"SAM","1"
"148","Solyc06g073580.2.1","a1.SAM",1.14244371142889,"SAM","1"
"149","Solyc06g075020.2.1","a1.SAM",-0.747113167351212,"SAM","1"
"150","Solyc06g075520.2.1","a1.SAM",-0.442969373565921,"SAM","1"
"151","Solyc06g082770.2.1","a1.SAM",-0.860468170650931,"SAM","1"
"152","Solyc07g008400.1.1","a1.SAM",-0.665205730204944,"SAM","1"
"153","Solyc07g042510.2.1","a1.SAM",-1.09806840029376,"SAM","1"
"154","Solyc07g047740.2.1","a1.SAM",-1.28861776281213,"SAM","1"
"155","Solyc07g048060.1.1","a1.SAM",-0.153097477672862,"SAM","1"
"156","Solyc07g054710.1.1","a1.SAM",-0.748512109772395,"SAM","1"
"157","Solyc08g013960.1.1","a1.SAM",-0.566456899354609,"SAM","1"
"158","Solyc08g060840.1.1","a1.SAM",-0.971592305778231,"SAM","1"
"159","Solyc09g011580.2.1","a1.SAM",-1.39645871441336,"SAM","1"
"160","Solyc09g015350.2.1","a1.SAM",0.740840454633225,"SAM","1"
"161","Solyc09g075520.1.1","a1.SAM",-0.472957023279236,"SAM","1"
"162","Solyc09g091110.2.1","a1.SAM",0.640858416697003,"SAM","1"
"163","Solyc10g080670.1.1","a1.SAM",-0.88065831781501,"SAM","1"
"164","Solyc10g084540.1.1","a1.SAM",-0.399767841123813,"SAM","1"
"165","Solyc11g007600.1.1","a1.SAM",0.525285058100411,"SAM","1"
"166","Solyc11g008520.1.1","a1.SAM",0.200732902238119,"SAM","1"
"167","Solyc11g010220.1.1","a1.SAM",-1.13232867939259,"SAM","1"
"168","Solyc11g011350.1.1","a1.SAM",-0.0539927380284407,"SAM","1"
"169","Solyc11g011790.1.1","a1.SAM",-0.849170790782573,"SAM","1"
"170","Solyc11g011890.1.1","a1.SAM",-0.903207525393838,"SAM","1"
"171","Solyc12g010500.1.1","a1.SAM",-0.0175542661134926,"SAM","1"
"172","Solyc12g010570.1.1","a1.SAM",-0.956841470294914,"SAM","1"
"173","Solyc12g100350.1.1","a1.SAM",-1.0529762657928,"SAM","1"
"174","Solyc01g056330.1.1","a1.SAM",-0.811547744344342,"SAM","1"
"175","Solyc01g095560.2.1","a1.SAM",-0.741877246217422,"SAM","1"
"176","Solyc01g110180.2.1","a1.SAM",-0.773320208395914,"SAM","1"
"177","Solyc02g050240.2.1","a1.SAM",-0.587576660311091,"SAM","1"
"178","Solyc02g069870.1.1","a1.SAM",-0.175074767351431,"SAM","1"
"179","Solyc02g085320.1.1","a1.SAM",-1.58098285236186,"SAM","1"
"180","Solyc02g092770.2.1","a1.SAM",-0.771010061188182,"SAM","1"
"181","Solyc03g083880.2.1","a1.SAM",-0.748986722069069,"SAM","1"
"182","Solyc03g110890.1.1","a1.SAM",-0.671777179685003,"SAM","1"
"183","Solyc04g014830.1.1","a1.SAM",-1.52054816703185,"SAM","1"
"184","Solyc05g007640.2.1","a1.SAM",-0.4708233842278,"SAM","1"
"185","Solyc05g043410.1.1","a1.SAM",-0.894584327765452,"SAM","1"
"186","Solyc05g055540.1.1","a1.SAM",-1.08742421145959,"SAM","1"
"187","Solyc06g071610.1.1","a1.SAM",-0.827010688912149,"SAM","1"
"188","Solyc06g074240.1.1","a1.SAM",-0.615401512958299,"SAM","1"
"189","Solyc07g005170.1.1","a1.SAM",-0.402374304069338,"SAM","1"
"190","Solyc07g008440.2.1","a1.SAM",-0.516473415577518,"SAM","1"
"191","Solyc07g043250.1.1","a1.SAM",-0.632495040433501,"SAM","1"
"192","Solyc07g047640.2.1","a1.SAM",-0.444775722030675,"SAM","1"
"193","Solyc07g049550.2.1","a1.SAM",-0.436165250108225,"SAM","1"
"194","Solyc08g016310.2.1","a1.SAM",0.0472700959053026,"SAM","1"
"195","Solyc08g022180.1.1","a1.SAM",-0.736853294652245,"SAM","1"
"196","Solyc09g064490.1.1","a1.SAM",-0.443338218540465,"SAM","1"
"197","Solyc09g082550.2.1","a1.SAM",-1.18903229228078,"SAM","1"
"198","Solyc09g098250.2.1","a1.SAM",-1.52724641753864,"SAM","1"
"199","Solyc10g017610.1.1","a1.SAM",-1.61832362264044,"SAM","1"
"200","Solyc10g083410.1.1","a1.SAM",-0.0199208832165529,"SAM","1"
"201","Solyc11g031950.1.1","a1.SAM",-0.636301899126489,"SAM","1"
"202","Solyc11g040170.1.1","a1.SAM",0.451391988710766,"SAM","1"
"203","Solyc12g044180.1.1","a1.SAM",-0.460493492734883,"SAM","1"
"204","Solyc12g049500.1.1","a1.SAM",-0.862475560112325,"SAM","1"
"205","Solyc12g088640.1.1","a1.SAM",-0.614486278998249,"SAM","1"
"206","Solyc03g078120.2.1","a1.SAM",-0.47395597882031,"SAM","1"
"207","Solyc03g118450.1.1","a1.SAM",-0.976118702941009,"SAM","1"
"208","Solyc06g050160.2.1","a1.SAM",-0.783790583169298,"SAM","1"
"209","Solyc03g082550.2.1","a1.SAM",-0.444775722030675,"SAM","1"
"210","Solyc09g007710.2.1","a1.SAM",-0.595562948018381,"SAM","1"
"211","Solyc00g230080.1.1","a1.SAM",-0.834906776484868,"SAM","1"
"212","Solyc01g007780.2.1","a1.SAM",-0.592012431960275,"SAM","1"
"213","Solyc01g112050.2.1","a1.SAM",-0.474270048219489,"SAM","1"
"214","Solyc02g082050.2.1","a1.SAM",-0.658963321948411,"SAM","1"
"215","Solyc07g055020.2.1","a1.SAM",-0.564532242479803,"SAM","1"
"216","Solyc08g083400.2.1","a1.SAM",-0.852612526026853,"SAM","1"
"217","Solyc09g014860.2.1","a1.SAM",-0.458258913173015,"SAM","1"
"218","Solyc12g010720.1.1","a1.SAM",-0.826114402882961,"SAM","1"
"219","Solyc10g055730.1.1","a1.SAM",-0.66935529339409,"SAM","1"
"220","Solyc08g079190.1.1","a1.SAM",-0.649245768109021,"SAM","1"
"221","Solyc06g060530.1.1","a1.SAM",-0.474270048219489,"SAM","1"
"222","Solyc11g044250.1.1","a1.SAM",-0.462594717138522,"SAM","1"
"223","Solyc01g006250.1.1","b2.leaf",1.52848913010299,"leaf","1"
"224","Solyc01g006300.2.1","b2.leaf",1.367695308312,"leaf","1"
"225","Solyc01g006850.1.1","b2.leaf",1.71922276995772,"leaf","1"
"226","Solyc01g008940.2.1","b2.leaf",2.27048203144019,"leaf","1"
"227","Solyc01g017500.1.1","b2.leaf",1.89962973876489,"leaf","1"
"228","Solyc01g080050.2.1","b2.leaf",2.0013576150118,"leaf","1"
"229","Solyc01g099260.2.1","b2.leaf",2.52171736487365,"leaf","1"
"230","Solyc01g099450.2.1","b2.leaf",1.04275422993032,"leaf","1"
"231","Solyc01g103660.2.1","b2.leaf",1.95814806312313,"leaf","1"
"232","Solyc01g111160.2.1","b2.leaf",1.00051907092413,"leaf","1"
"233","Solyc02g070420.2.1","b2.leaf",1.72653572077584,"leaf","1"
"234","Solyc02g084130.2.1","b2.leaf",1.50747062237582,"leaf","1"
"235","Solyc02g089480.1.1","b2.leaf",0.933542289351468,"leaf","1"
"236","Solyc02g090690.1.1","b2.leaf",1.15195063621142,"leaf","1"
"237","Solyc02g091140.2.1","b2.leaf",1.6092279526542,"leaf","1"
"238","Solyc02g093380.1.1","b2.leaf",1.67091267953379,"leaf","1"
"239","Solyc03g013440.2.1","b2.leaf",0.746583652784723,"leaf","1"
"240","Solyc03g045150.1.1","b2.leaf",1.09693556710397,"leaf","1"
"241","Solyc03g083730.1.1","b2.leaf",1.43617060756191,"leaf","1"
"242","Solyc03g113180.2.1","b2.leaf",1.88021460439852,"leaf","1"
"243","Solyc03g119470.1.1","b2.leaf",1.70047503663742,"leaf","1"
"244","Solyc03g121680.1.1","b2.leaf",1.71939304151467,"leaf","1"
"245","Solyc03g122070.1.1","b2.leaf",2.46649970063852,"leaf","1"
"246","Solyc04g015820.1.1","b2.leaf",1.48904589985489,"leaf","1"
"247","Solyc04g074400.1.1","b2.leaf",1.08416485129546,"leaf","1"
"248","Solyc04g074920.2.1","b2.leaf",2.08041214465241,"leaf","1"
"249","Solyc04g074970.2.1","b2.leaf",1.38689455057175,"leaf","1"
"250","Solyc04g081990.2.1","b2.leaf",1.4654159054023,"leaf","1"
"251","Solyc05g026600.2.1","b2.leaf",1.39712557827571,"leaf","1"
"252","Solyc05g048820.2.1","b2.leaf",1.29243735264681,"leaf","1"
"253","Solyc06g006020.1.1","b2.leaf",1.73110787812526,"leaf","1"
"254","Solyc06g009140.2.1","b2.leaf",1.67472170732078,"leaf","1"
"255","Solyc06g054150.1.1","b2.leaf",1.20765871100583,"leaf","1"
"256","Solyc06g060010.2.1","b2.leaf",1.07215348148007,"leaf","1"
"257","Solyc06g068190.1.1","b2.leaf",0.935681380882401,"leaf","1"
"258","Solyc06g072320.2.1","b2.leaf",1.07010267525795,"leaf","1"
"259","Solyc06g073580.2.1","b2.leaf",0.730950966170376,"leaf","1"
"260","Solyc06g075020.2.1","b2.leaf",2.16936302612576,"leaf","1"
"261","Solyc06g075520.2.1","b2.leaf",2.53053596923929,"leaf","1"
"262","Solyc06g082770.2.1","b2.leaf",1.57242761465095,"leaf","1"
"263","Solyc07g008400.1.1","b2.leaf",2.13446173966632,"leaf","1"
"264","Solyc07g042510.2.1","b2.leaf",1.66589927784742,"leaf","1"
"265","Solyc07g047740.2.1","b2.leaf",1.47394295076988,"leaf","1"
"266","Solyc07g048060.1.1","b2.leaf",1.67958559306589,"leaf","1"
"267","Solyc07g054710.1.1","b2.leaf",1.30269711643963,"leaf","1"
"268","Solyc08g013960.1.1","b2.leaf",1.95369437916038,"leaf","1"
"269","Solyc08g060840.1.1","b2.leaf",1.17223299672694,"leaf","1"
"270","Solyc09g011580.2.1","b2.leaf",1.88964265439069,"leaf","1"
"271","Solyc09g015350.2.1","b2.leaf",1.15277236264725,"leaf","1"
"272","Solyc09g075520.1.1","b2.leaf",2.05379439398503,"leaf","1"
"273","Solyc09g091110.2.1","b2.leaf",1.10219999179734,"leaf","1"
"274","Solyc10g080670.1.1","b2.leaf",1.31387516595681,"leaf","1"
"275","Solyc10g084540.1.1","b2.leaf",2.28518478893108,"leaf","1"
"276","Solyc11g007600.1.1","b2.leaf",1.58814176228763,"leaf","1"
"277","Solyc11g008520.1.1","b2.leaf",1.69011443730458,"leaf","1"
"278","Solyc11g010220.1.1","b2.leaf",1.35895174599395,"leaf","1"
"279","Solyc11g011350.1.1","b2.leaf",1.00072466469582,"leaf","1"
"280","Solyc11g011790.1.1","b2.leaf",1.74830309320875,"leaf","1"
"281","Solyc11g011890.1.1","b2.leaf",1.0722966801591,"leaf","1"
"282","Solyc12g010500.1.1","b2.leaf",1.71301657476267,"leaf","1"
"283","Solyc12g010570.1.1","b2.leaf",1.50353656804126,"leaf","1"
"284","Solyc12g100350.1.1","b2.leaf",1.48999253637863,"leaf","1"
"285","Solyc01g056330.1.1","b2.leaf",1.94760912695954,"leaf","1"
"286","Solyc01g095560.2.1","b2.leaf",1.4015245043779,"leaf","1"
"287","Solyc01g110180.2.1","b2.leaf",1.79007318027159,"leaf","1"
"288","Solyc02g050240.2.1","b2.leaf",1.59795175323772,"leaf","1"
"289","Solyc02g069870.1.1","b2.leaf",1.11689567805836,"leaf","1"
"290","Solyc02g085320.1.1","b2.leaf",1.34224376725229,"leaf","1"
"291","Solyc02g092770.2.1","b2.leaf",2.134976673942,"leaf","1"
"292","Solyc03g083880.2.1","b2.leaf",1.54384306720225,"leaf","1"
"293","Solyc03g110890.1.1","b2.leaf",2.27167108503964,"leaf","1"
"294","Solyc04g014830.1.1","b2.leaf",0.9123188422143,"leaf","1"
"295","Solyc05g007640.2.1","b2.leaf",2.14118269388689,"leaf","1"
"296","Solyc05g043410.1.1","b2.leaf",2.07733973152338,"leaf","1"
"297","Solyc05g055540.1.1","b2.leaf",1.06563331801816,"leaf","1"
"298","Solyc06g071610.1.1","b2.leaf",1.9681930260759,"leaf","1"
"299","Solyc06g074240.1.1","b2.leaf",1.2555348034159,"leaf","1"
"300","Solyc07g005170.1.1","b2.leaf",2.28710363668304,"leaf","1"
"301","Solyc07g008440.2.1","b2.leaf",1.22170365335484,"leaf","1"
"302","Solyc07g043250.1.1","b2.leaf",0.769604852339014,"leaf","1"
"303","Solyc07g047640.2.1","b2.leaf",1.04188437109953,"leaf","1"
"304","Solyc07g049550.2.1","b2.leaf",0.918549447446584,"leaf","1"
"305","Solyc08g016310.2.1","b2.leaf",0.661705042945809,"leaf","1"
"306","Solyc08g022180.1.1","b2.leaf",0.97356796628745,"leaf","1"
"307","Solyc09g064490.1.1","b2.leaf",2.52768998688225,"leaf","1"
"308","Solyc09g082550.2.1","b2.leaf",1.75811133722636,"leaf","1"
"309","Solyc09g098250.2.1","b2.leaf",1.58686940404099,"leaf","1"
"310","Solyc10g017610.1.1","b2.leaf",0.947023788790542,"leaf","1"
"311","Solyc10g083410.1.1","b2.leaf",1.74467624935212,"leaf","1"
"312","Solyc11g031950.1.1","b2.leaf",1.85139652373528,"leaf","1"
"313","Solyc11g040170.1.1","b2.leaf",1.44919896327106,"leaf","1"
"314","Solyc12g044180.1.1","b2.leaf",1.33313719654468,"leaf","1"
"315","Solyc12g049500.1.1","b2.leaf",1.42203208925296,"leaf","1"
"316","Solyc12g088640.1.1","b2.leaf",1.5272641871925,"leaf","1"
"317","Solyc03g078120.2.1","b2.leaf",1.81029846404226,"leaf","1"
"318","Solyc03g118450.1.1","b2.leaf",0.85773415044961,"leaf","1"
"319","Solyc06g050160.2.1","b2.leaf",2.36131122526355,"leaf","1"
"320","Solyc03g082550.2.1","b2.leaf",1.04188437109953,"leaf","1"
"321","Solyc09g007710.2.1","b2.leaf",1.24976206574755,"leaf","1"
"322","Solyc00g230080.1.1","b2.leaf",1.59236310062971,"leaf","1"
"323","Solyc01g007780.2.1","b2.leaf",1.18680621180375,"leaf","1"
"324","Solyc01g112050.2.1","b2.leaf",1.93393704078534,"leaf","1"
"325","Solyc02g082050.2.1","b2.leaf",1.85023866564179,"leaf","1"
"326","Solyc07g055020.2.1","b2.leaf",1.79346308372059,"leaf","1"
"327","Solyc08g083400.2.1","b2.leaf",1.71522317372899,"leaf","1"
"328","Solyc09g014860.2.1","b2.leaf",2.38073572567886,"leaf","1"
"329","Solyc12g010720.1.1","b2.leaf",1.51328855955333,"leaf","1"
"330","Solyc10g055730.1.1","b2.leaf",1.78829076790212,"leaf","1"
"331","Solyc08g079190.1.1","b2.leaf",2.13198520584823,"leaf","1"
"332","Solyc06g060530.1.1","b2.leaf",1.93393704078534,"leaf","1"
"333","Solyc11g044250.1.1","b2.leaf",2.3195510688288,"leaf","1"
"334","Solyc01g006250.1.1","b2.SAM",-1.21930113529721,"SAM","1"
"335","Solyc01g006300.2.1","b2.SAM",-0.637461970117854,"SAM","1"
"336","Solyc01g006850.1.1","b2.SAM",0.954851361216138,"SAM","1"
"337","Solyc01g008940.2.1","b2.SAM",-0.697679074344922,"SAM","1"
"338","Solyc01g017500.1.1","b2.SAM",-0.553248173509095,"SAM","1"
"339","Solyc01g080050.2.1","b2.SAM",-0.512635436681707,"SAM","1"
"340","Solyc01g099260.2.1","b2.SAM",-0.444100493634558,"SAM","1"
"341","Solyc01g099450.2.1","b2.SAM",0.176769660196516,"SAM","1"
"342","Solyc01g103660.2.1","b2.SAM",-0.728228043679359,"SAM","1"
"343","Solyc01g111160.2.1","b2.SAM",-0.729432927272557,"SAM","1"
"344","Solyc02g070420.2.1","b2.SAM",-0.774456244801999,"SAM","1"
"345","Solyc02g084130.2.1","b2.SAM",-0.467381804407905,"SAM","1"
"346","Solyc02g089480.1.1","b2.SAM",-0.708567929689676,"SAM","1"
"347","Solyc02g090690.1.1","b2.SAM",-0.954532949292346,"SAM","1"
"348","Solyc02g091140.2.1","b2.SAM",0.524017748216301,"SAM","1"
"349","Solyc02g093380.1.1","b2.SAM",-0.388622650450702,"SAM","1"
"350","Solyc03g013440.2.1","b2.SAM",-0.8203557081782,"SAM","1"
"351","Solyc03g045150.1.1","b2.SAM",-0.749542169374166,"SAM","1"
"352","Solyc03g083730.1.1","b2.SAM",-0.991406684194787,"SAM","1"
"353","Solyc03g113180.2.1","b2.SAM",-0.368674973257642,"SAM","1"
"354","Solyc03g119470.1.1","b2.SAM",-0.839537577805585,"SAM","1"
"355","Solyc03g121680.1.1","b2.SAM",-0.615782117104247,"SAM","1"
"356","Solyc03g122070.1.1","b2.SAM",-0.534511568798735,"SAM","1"
"357","Solyc04g015820.1.1","b2.SAM",-0.898285788133645,"SAM","1"
"358","Solyc04g074400.1.1","b2.SAM",0.428594145985223,"SAM","1"
"359","Solyc04g074920.2.1","b2.SAM",0.20392988324374,"SAM","1"
"360","Solyc04g074970.2.1","b2.SAM",-1.37350074887938,"SAM","1"
"361","Solyc04g081990.2.1","b2.SAM",-0.744919946921156,"SAM","1"
"362","Solyc05g026600.2.1","b2.SAM",-0.776037391925983,"SAM","1"
"363","Solyc05g048820.2.1","b2.SAM",-0.881771667344245,"SAM","1"
"364","Solyc06g006020.1.1","b2.SAM",-0.612644124690902,"SAM","1"
"365","Solyc06g009140.2.1","b2.SAM",-0.979169009407938,"SAM","1"
"366","Solyc06g054150.1.1","b2.SAM",-0.989278325434551,"SAM","1"
"367","Solyc06g060010.2.1","b2.SAM",-0.608367108979912,"SAM","1"
"368","Solyc06g068190.1.1","b2.SAM",-0.127061032285626,"SAM","1"
"369","Solyc06g072320.2.1","b2.SAM",-0.678601404099031,"SAM","1"
"370","Solyc06g073580.2.1","b2.SAM",-1.2429419916237,"SAM","1"
"371","Solyc06g075020.2.1","b2.SAM",0.0775119301795701,"SAM","1"
"372","Solyc06g075520.2.1","b2.SAM",-0.442969373565921,"SAM","1"
"373","Solyc06g082770.2.1","b2.SAM",-0.860468170650931,"SAM","1"
"374","Solyc07g008400.1.1","b2.SAM",0.0673689356185667,"SAM","1"
"375","Solyc07g042510.2.1","b2.SAM",-0.0819578426177419,"SAM","1"
"376","Solyc07g047740.2.1","b2.SAM",-0.176441660188194,"SAM","1"
"377","Solyc07g048060.1.1","b2.SAM",-0.885701101446958,"SAM","1"
"378","Solyc07g054710.1.1","b2.SAM",-0.748512109772395,"SAM","1"
"379","Solyc08g013960.1.1","b2.SAM",-0.566456899354609,"SAM","1"
"380","Solyc08g060840.1.1","b2.SAM",-1.13836745705246,"SAM","1"
"381","Solyc09g011580.2.1","b2.SAM",-0.0832821945102958,"SAM","1"
"382","Solyc09g015350.2.1","b2.SAM",-1.17767251716011,"SAM","1"
"383","Solyc09g075520.1.1","b2.SAM",-0.472957023279236,"SAM","1"
"384","Solyc09g091110.2.1","b2.SAM",0.26764998259642,"SAM","1"
"385","Solyc10g080670.1.1","b2.SAM",-0.22721289032072,"SAM","1"
"386","Solyc10g084540.1.1","b2.SAM",-0.442864471783691,"SAM","1"
"387","Solyc11g007600.1.1","b2.SAM",0.108911295440664,"SAM","1"
"388","Solyc11g008520.1.1","b2.SAM",-1.08927953850316,"SAM","1"
"389","Solyc11g010220.1.1","b2.SAM",0.584354801885607,"SAM","1"
"390","Solyc11g011350.1.1","b2.SAM",-0.697498437532298,"SAM","1"
"391","Solyc11g011790.1.1","b2.SAM",-0.849170790782573,"SAM","1"
"392","Solyc11g011890.1.1","b2.SAM",-0.6910959804093,"SAM","1"
"393","Solyc12g010500.1.1","b2.SAM",0.0643924790442992,"SAM","1"
"394","Solyc12g010570.1.1","b2.SAM",0.683526787137355,"SAM","1"
"395","Solyc12g100350.1.1","b2.SAM",0.766168896978678,"SAM","1"
"396","Solyc01g056330.1.1","b2.SAM",-0.811547744344342,"SAM","1"
"397","Solyc01g095560.2.1","b2.SAM",-0.741877246217422,"SAM","1"
"398","Solyc01g110180.2.1","b2.SAM",-0.487715204010071,"SAM","1"
"399","Solyc02g050240.2.1","b2.SAM",-0.587576660311091,"SAM","1"
"400","Solyc02g069870.1.1","b2.SAM",-0.785485204121434,"SAM","1"
"401","Solyc02g085320.1.1","b2.SAM",0.391943164916917,"SAM","1"
"402","Solyc02g092770.2.1","b2.SAM",0.36845014761005,"SAM","1"
"403","Solyc03g083880.2.1","b2.SAM",-0.748986722069069,"SAM","1"
"404","Solyc03g110890.1.1","b2.SAM",-0.671777179685003,"SAM","1"
"405","Solyc04g014830.1.1","b2.SAM",-0.139010059094046,"SAM","1"
"406","Solyc05g007640.2.1","b2.SAM",-0.4708233842278,"SAM","1"
"407","Solyc05g043410.1.1","b2.SAM",0.0402627235746372,"SAM","1"
"408","Solyc05g055540.1.1","b2.SAM",-0.280122575769709,"SAM","1"
"409","Solyc06g071610.1.1","b2.SAM",-0.827010688912149,"SAM","1"
"410","Solyc06g074240.1.1","b2.SAM",-0.615401512958299,"SAM","1"
"411","Solyc07g005170.1.1","b2.SAM",0.509830456190108,"SAM","1"
"412","Solyc07g008440.2.1","b2.SAM",-0.516473415577518,"SAM","1"
"413","Solyc07g043250.1.1","b2.SAM",-0.632495040433501,"SAM","1"
"414","Solyc07g047640.2.1","b2.SAM",-0.444775722030675,"SAM","1"
"415","Solyc07g049550.2.1","b2.SAM",-1.03127382837208,"SAM","1"
"416","Solyc08g016310.2.1","b2.SAM",-1.31409495228748,"SAM","1"
"417","Solyc08g022180.1.1","b2.SAM",-0.736853294652245,"SAM","1"
"418","Solyc09g064490.1.1","b2.SAM",-0.443338218540465,"SAM","1"
"419","Solyc09g082550.2.1","b2.SAM",-0.0296622591992521,"SAM","1"
"420","Solyc09g098250.2.1","b2.SAM",-1.52724641753864,"SAM","1"
"421","Solyc10g017610.1.1","b2.SAM",-0.000552743064323582,"SAM","1"
"422","Solyc10g083410.1.1","b2.SAM",-0.709918917545311,"SAM","1"
"423","Solyc11g031950.1.1","b2.SAM",0.80792416769328,"SAM","1"
"424","Solyc11g040170.1.1","b2.SAM",-1.32525650797364,"SAM","1"
"425","Solyc12g044180.1.1","b2.SAM",-0.460493492734883,"SAM","1"
"426","Solyc12g049500.1.1","b2.SAM",0.0479515085195426,"SAM","1"
"427","Solyc12g088640.1.1","b2.SAM",-0.614486278998249,"SAM","1"
"428","Solyc03g078120.2.1","b2.SAM",-0.47395597882031,"SAM","1"
"429","Solyc03g118450.1.1","b2.SAM",-0.254142511231851,"SAM","1"
"430","Solyc06g050160.2.1","b2.SAM",0.209226640750714,"SAM","1"
"431","Solyc03g082550.2.1","b2.SAM",-0.444775722030675,"SAM","1"
"432","Solyc09g007710.2.1","b2.SAM",-0.595562948018381,"SAM","1"
"433","Solyc00g230080.1.1","b2.SAM",0.552906268693697,"SAM","1"
"434","Solyc01g007780.2.1","b2.SAM",-0.592012431960275,"SAM","1"
"435","Solyc01g112050.2.1","b2.SAM",-0.474270048219489,"SAM","1"
"436","Solyc02g082050.2.1","b2.SAM",-0.658963321948411,"SAM","1"
"437","Solyc07g055020.2.1","b2.SAM",-0.564532242479803,"SAM","1"
"438","Solyc08g083400.2.1","b2.SAM",-0.852612526026853,"SAM","1"
"439","Solyc09g014860.2.1","b2.SAM",-0.458258913173015,"SAM","1"
"440","Solyc12g010720.1.1","b2.SAM",-0.826114402882961,"SAM","1"
"441","Solyc10g055730.1.1","b2.SAM",-0.66935529339409,"SAM","1"
"442","Solyc08g079190.1.1","b2.SAM",-0.649245768109021,"SAM","1"
"443","Solyc06g060530.1.1","b2.SAM",-0.474270048219489,"SAM","1"
"444","Solyc11g044250.1.1","b2.SAM",-0.462594717138522,"SAM","1"
"445","Solyc01g006250.1.1","c3.leaf",0.408507021723422,"leaf","1"
"446","Solyc01g006300.2.1","c3.leaf",-0.329829676686689,"leaf","1"
"447","Solyc01g006850.1.1","c3.leaf",-0.859153449299605,"leaf","1"
"448","Solyc01g008940.2.1","c3.leaf",-0.30209732658724,"leaf","1"
"449","Solyc01g017500.1.1","c3.leaf",0.687388606063253,"leaf","1"
"450","Solyc01g080050.2.1","c3.leaf",1.19272002461277,"leaf","1"
"451","Solyc01g099260.2.1","c3.leaf",-0.444100493634558,"leaf","1"
"452","Solyc01g099450.2.1","c3.leaf",-1.13992182072431,"leaf","1"
"453","Solyc01g103660.2.1","c3.leaf",-0.728228043679359,"leaf","1"
"454","Solyc01g111160.2.1","c3.leaf",0.986724170521574,"leaf","1"
"455","Solyc02g070420.2.1","c3.leaf",-0.774456244801999,"leaf","1"
"456","Solyc02g084130.2.1","c3.leaf",-0.467381804407905,"leaf","1"
"457","Solyc02g089480.1.1","c3.leaf",0.666737897190273,"leaf","1"
"458","Solyc02g090690.1.1","c3.leaf",-0.954532949292346,"leaf","1"
"459","Solyc02g091140.2.1","c3.leaf",-0.701065918927538,"leaf","1"
"460","Solyc02g093380.1.1","c3.leaf",-1.14095331347763,"leaf","1"
"461","Solyc03g013440.2.1","c3.leaf",1.16145215693615,"leaf","1"
"462","Solyc03g045150.1.1","c3.leaf",0.940807933681539,"leaf","1"
"463","Solyc03g083730.1.1","c3.leaf",-0.224278152694234,"leaf","1"
"464","Solyc03g113180.2.1","c3.leaf",0.403036330968728,"leaf","1"
"465","Solyc03g119470.1.1","c3.leaf",0.269219362342419,"leaf","1"
"466","Solyc03g121680.1.1","c3.leaf",-0.615782117104247,"leaf","1"
"467","Solyc03g122070.1.1","c3.leaf",-0.534511568798735,"leaf","1"
"468","Solyc04g015820.1.1","c3.leaf",1.39995177499419,"leaf","1"
"469","Solyc04g074400.1.1","c3.leaf",-1.00349760482687,"leaf","1"
"470","Solyc04g074920.2.1","c3.leaf",-0.544037226057632,"leaf","1"
"471","Solyc04g074970.2.1","c3.leaf",-0.107831554411669,"leaf","1"
"472","Solyc04g081990.2.1","c3.leaf",-1.4593405797199,"leaf","1"
"473","Solyc05g026600.2.1","c3.leaf",-0.252548510834788,"leaf","1"
"474","Solyc05g048820.2.1","c3.leaf",-0.881771667344245,"leaf","1"
"475","Solyc06g006020.1.1","c3.leaf",-0.612644124690902,"leaf","1"
"476","Solyc06g009140.2.1","c3.leaf",-0.198956584315338,"leaf","1"
"477","Solyc06g054150.1.1","c3.leaf",-0.871900548343006,"leaf","1"
"478","Solyc06g060010.2.1","c3.leaf",-0.608367108979912,"leaf","1"
"479","Solyc06g068190.1.1","c3.leaf",-0.582607342068936,"leaf","1"
"480","Solyc06g072320.2.1","c3.leaf",-0.678601404099031,"leaf","1"
"481","Solyc06g073580.2.1","c3.leaf",0.458941970927001,"leaf","1"
"482","Solyc06g075020.2.1","c3.leaf",-0.747113167351212,"leaf","1"
"483","Solyc06g075520.2.1","c3.leaf",-0.442969373565921,"leaf","1"
"484","Solyc06g082770.2.1","c3.leaf",0.741955620193418,"leaf","1"
"485","Solyc07g008400.1.1","c3.leaf",-0.665205730204944,"leaf","1"
"486","Solyc07g042510.2.1","c3.leaf",-0.123471903225858,"leaf","1"
"487","Solyc07g047740.2.1","c3.leaf",-0.391623294955416,"leaf","1"
"488","Solyc07g048060.1.1","c3.leaf",-0.885701101446958,"leaf","1"
"489","Solyc07g054710.1.1","c3.leaf",-0.748512109772395,"leaf","1"
"490","Solyc08g013960.1.1","c3.leaf",-0.566456899354609,"leaf","1"
"491","Solyc08g060840.1.1","c3.leaf",0.106682987377057,"leaf","1"
"492","Solyc09g011580.2.1","c3.leaf",-0.263062091618734,"leaf","1"
"493","Solyc09g015350.2.1","c3.leaf",0.239546560432533,"leaf","1"
"494","Solyc09g075520.1.1","c3.leaf",-0.472957023279236,"leaf","1"
"495","Solyc09g091110.2.1","c3.leaf",-1.05077998612469,"leaf","1"
"496","Solyc10g080670.1.1","c3.leaf",0.747331337109882,"leaf","1"
"497","Solyc10g084540.1.1","c3.leaf",-0.117527090342801,"leaf","1"
"498","Solyc11g007600.1.1","c3.leaf",0.741355829395638,"leaf","1"
"499","Solyc11g008520.1.1","c3.leaf",0.287429070222611,"leaf","1"
"500","Solyc11g010220.1.1","c3.leaf",-0.277844658222901,"leaf","1"
"501","Solyc11g011350.1.1","c3.leaf",-0.731497483679173,"leaf","1"
"502","Solyc11g011790.1.1","c3.leaf",0.752675037438577,"leaf","1"
"503","Solyc11g011890.1.1","c3.leaf",-0.450206551339092,"leaf","1"
"504","Solyc12g010500.1.1","c3.leaf",-0.632142510937077,"leaf","1"
"505","Solyc12g010570.1.1","c3.leaf",-0.956841470294914,"leaf","1"
"506","Solyc12g100350.1.1","c3.leaf",0.206155928170376,"leaf","1"
"507","Solyc01g056330.1.1","c3.leaf",1.07027779656059,"leaf","1"
"508","Solyc01g095560.2.1","c3.leaf",0.776420679890264,"leaf","1"
"509","Solyc01g110180.2.1","c3.leaf",-0.9759593225375,"leaf","1"
"510","Solyc02g050240.2.1","c3.leaf",-0.587576660311091,"leaf","1"
"511","Solyc02g069870.1.1","c3.leaf",-0.345068306672843,"leaf","1"
"512","Solyc02g085320.1.1","c3.leaf",1.22157570544061,"leaf","1"
"513","Solyc02g092770.2.1","c3.leaf",-0.441407203376666,"leaf","1"
"514","Solyc03g083880.2.1","c3.leaf",-0.748986722069069,"leaf","1"
"515","Solyc03g110890.1.1","c3.leaf",-0.671777179685003,"leaf","1"
"516","Solyc04g014830.1.1","c3.leaf",0.80225449973655,"leaf","1"
"517","Solyc05g007640.2.1","c3.leaf",-0.4708233842278,"leaf","1"
"518","Solyc05g043410.1.1","c3.leaf",-0.178332437196727,"leaf","1"
"519","Solyc05g055540.1.1","c3.leaf",0.104953947040026,"leaf","1"
"520","Solyc06g071610.1.1","c3.leaf",-0.827010688912149,"leaf","1"
"521","Solyc06g074240.1.1","c3.leaf",-0.615401512958299,"leaf","1"
"522","Solyc07g005170.1.1","c3.leaf",-0.726636975060157,"leaf","1"
"523","Solyc07g008440.2.1","c3.leaf",-0.516473415577518,"leaf","1"
"524","Solyc07g043250.1.1","c3.leaf",-0.632495040433501,"leaf","1"
"525","Solyc07g047640.2.1","c3.leaf",-0.444775722030675,"leaf","1"
"526","Solyc07g049550.2.1","c3.leaf",0.555332139877083,"leaf","1"
"527","Solyc08g016310.2.1","c3.leaf",0.951441571677173,"leaf","1"
"528","Solyc08g022180.1.1","c3.leaf",1.61845752278148,"leaf","1"
"529","Solyc09g064490.1.1","c3.leaf",-0.443338218540465,"leaf","1"
"530","Solyc09g082550.2.1","c3.leaf",-1.18903229228078,"leaf","1"
"531","Solyc09g098250.2.1","c3.leaf",0.0604330931527215,"leaf","1"
"532","Solyc10g017610.1.1","c3.leaf",0.620074566718479,"leaf","1"
"533","Solyc10g083410.1.1","c3.leaf",0.699592162696007,"leaf","1"
"534","Solyc11g031950.1.1","c3.leaf",0.126134000270398,"leaf","1"
"535","Solyc11g040170.1.1","c3.leaf",0.168001941658773,"leaf","1"
"536","Solyc12g044180.1.1","c3.leaf",-0.460493492734883,"leaf","1"
"537","Solyc12g049500.1.1","c3.leaf",0.981742610047472,"leaf","1"
"538","Solyc12g088640.1.1","c3.leaf",-0.614486278998249,"leaf","1"
"539","Solyc03g078120.2.1","c3.leaf",-0.47395597882031,"leaf","1"
"540","Solyc03g118450.1.1","c3.leaf",0.566124591671898,"leaf","1"
"541","Solyc06g050160.2.1","c3.leaf",-0.264979141788267,"leaf","1"
"542","Solyc03g082550.2.1","c3.leaf",-0.444775722030675,"leaf","1"
"543","Solyc09g007710.2.1","c3.leaf",-0.595562948018381,"leaf","1"
"544","Solyc00g230080.1.1","c3.leaf",0.625541953584687,"leaf","1"
"545","Solyc01g007780.2.1","c3.leaf",-0.592012431960275,"leaf","1"
"546","Solyc01g112050.2.1","c3.leaf",-0.474270048219489,"leaf","1"
"547","Solyc02g082050.2.1","c3.leaf",-0.658963321948411,"leaf","1"
"548","Solyc07g055020.2.1","c3.leaf",-0.564532242479803,"leaf","1"
"549","Solyc08g083400.2.1","c3.leaf",-0.852612526026853,"leaf","1"
"550","Solyc09g014860.2.1","c3.leaf",-0.458258913173015,"leaf","1"
"551","Solyc12g010720.1.1","c3.leaf",0.150762237457327,"leaf","1"
"552","Solyc10g055730.1.1","c3.leaf",0.574506988787969,"leaf","1"
"553","Solyc08g079190.1.1","c3.leaf",1.22152349989838,"leaf","1"
"554","Solyc06g060530.1.1","c3.leaf",-0.474270048219489,"leaf","1"
"555","Solyc11g044250.1.1","c3.leaf",-0.462594717138522,"leaf","1"
"556","Solyc01g006250.1.1","c3.SAM",1.16242819698347,"SAM","1"
"557","Solyc01g006300.2.1","c3.SAM",-0.545435815849421,"SAM","1"
"558","Solyc01g006850.1.1","c3.SAM",-0.246023246170502,"SAM","1"
"559","Solyc01g008940.2.1","c3.SAM",-0.697679074344922,"SAM","1"
"560","Solyc01g017500.1.1","c3.SAM",-0.23642754192183,"SAM","1"
"561","Solyc01g080050.2.1","c3.SAM",-0.487353316033597,"SAM","1"
"562","Solyc01g099260.2.1","c3.SAM",-0.444100493634558,"SAM","1"
"563","Solyc01g099450.2.1","c3.SAM",-0.0248051952770705,"SAM","1"
"564","Solyc01g103660.2.1","c3.SAM",0.630840239567933,"SAM","1"
"565","Solyc01g111160.2.1","c3.SAM",0.495250399665863,"SAM","1"
"566","Solyc02g070420.2.1","c3.SAM",-0.221001791000959,"SAM","1"
"567","Solyc02g084130.2.1","c3.SAM",-0.467381804407905,"SAM","1"
"568","Solyc02g089480.1.1","c3.SAM",0.564869906781091,"SAM","1"
"569","Solyc02g090690.1.1","c3.SAM",-0.204611440348649,"SAM","1"
"570","Solyc02g091140.2.1","c3.SAM",-0.701065918927538,"SAM","1"
"571","Solyc02g093380.1.1","c3.SAM",-0.361390064290434,"SAM","1"
"572","Solyc03g013440.2.1","c3.SAM",-1.21033886166715,"SAM","1"
"573","Solyc03g045150.1.1","c3.SAM",0.721749598698121,"SAM","1"
"574","Solyc03g083730.1.1","c3.SAM",-0.836732690261282,"SAM","1"
"575","Solyc03g113180.2.1","c3.SAM",-1.08859291480134,"SAM","1"
"576","Solyc03g119470.1.1","c3.SAM",0.106254909016854,"SAM","1"
"577","Solyc03g121680.1.1","c3.SAM",-0.615782117104247,"SAM","1"
"578","Solyc03g122070.1.1","c3.SAM",-0.534511568798735,"SAM","1"
"579","Solyc04g015820.1.1","c3.SAM",-0.940314413845996,"SAM","1"
"580","Solyc04g074400.1.1","c3.SAM",-1.00349760482687,"SAM","1"
"581","Solyc04g074920.2.1","c3.SAM",-0.91323585232987,"SAM","1"
"582","Solyc04g074970.2.1","c3.SAM",-0.322284400933337,"SAM","1"
"583","Solyc04g081990.2.1","c3.SAM",-0.748477326459292,"SAM","1"
"584","Solyc05g026600.2.1","c3.SAM",-0.776037391925983,"SAM","1"
"585","Solyc05g048820.2.1","c3.SAM",0.212092257747768,"SAM","1"
"586","Solyc06g006020.1.1","c3.SAM",-0.612644124690902,"SAM","1"
"587","Solyc06g009140.2.1","c3.SAM",-0.821706737267676,"SAM","1"
"588","Solyc06g054150.1.1","c3.SAM",-0.889110793661146,"SAM","1"
"589","Solyc06g060010.2.1","c3.SAM",-0.608367108979912,"SAM","1"
"590","Solyc06g068190.1.1","c3.SAM",-0.131180328406262,"SAM","1"
"591","Solyc06g072320.2.1","c3.SAM",-0.132990615578897,"SAM","1"
"592","Solyc06g073580.2.1","c3.SAM",-1.02683543521341,"SAM","1"
"593","Solyc06g075020.2.1","c3.SAM",-0.747113167351212,"SAM","1"
"594","Solyc06g075520.2.1","c3.SAM",-0.442969373565921,"SAM","1"
"595","Solyc06g082770.2.1","c3.SAM",0.190055085061274,"SAM","1"
"596","Solyc07g008400.1.1","c3.SAM",-0.665205730204944,"SAM","1"
"597","Solyc07g042510.2.1","c3.SAM",-0.457443412826233,"SAM","1"
"598","Solyc07g047740.2.1","c3.SAM",-0.737847870833659,"SAM","1"
"599","Solyc07g048060.1.1","c3.SAM",-0.459907589119661,"SAM","1"
"600","Solyc07g054710.1.1","c3.SAM",0.458710784160148,"SAM","1"
"601","Solyc08g013960.1.1","c3.SAM",0.329774762405444,"SAM","1"
"602","Solyc08g060840.1.1","c3.SAM",-0.98293370134935,"SAM","1"
"603","Solyc09g011580.2.1","c3.SAM",-0.195674798016923,"SAM","1"
"604","Solyc09g015350.2.1","c3.SAM",-0.741361078932473,"SAM","1"
"605","Solyc09g075520.1.1","c3.SAM",-0.472957023279236,"SAM","1"
"606","Solyc09g091110.2.1","c3.SAM",-1.05077998612469,"SAM","1"
"607","Solyc10g080670.1.1","c3.SAM",-0.381281858289881,"SAM","1"
"608","Solyc10g084540.1.1","c3.SAM",-0.942680684482139,"SAM","1"
"609","Solyc11g007600.1.1","c3.SAM",-1.00565440430299,"SAM","1"
"610","Solyc11g008520.1.1","c3.SAM",-0.808829376339201,"SAM","1"
"611","Solyc11g010220.1.1","c3.SAM",-1.13232867939259,"SAM","1"
"612","Solyc11g011350.1.1","c3.SAM",1.03660693458604,"SAM","1"
"613","Solyc11g011790.1.1","c3.SAM",-0.849170790782573,"SAM","1"
"614","Solyc11g011890.1.1","c3.SAM",0.222111727535692,"SAM","1"
"615","Solyc12g010500.1.1","c3.SAM",-0.599529975702683,"SAM","1"
"616","Solyc12g010570.1.1","c3.SAM",-0.561780549138085,"SAM","1"
"617","Solyc12g100350.1.1","c3.SAM",-0.0310677236950316,"SAM","1"
"618","Solyc01g056330.1.1","c3.SAM",-0.114530454868277,"SAM","1"
"619","Solyc01g095560.2.1","c3.SAM",0.613868141426642,"SAM","1"
"620","Solyc01g110180.2.1","c3.SAM",0.24131098624148,"SAM","1"
"621","Solyc02g050240.2.1","c3.SAM",-0.587576660311091,"SAM","1"
"622","Solyc02g069870.1.1","c3.SAM",0.25953372104744,"SAM","1"
"623","Solyc02g085320.1.1","c3.SAM",0.011331812077945,"SAM","1"
"624","Solyc02g092770.2.1","c3.SAM",-0.21008235094749,"SAM","1"
"625","Solyc03g083880.2.1","c3.SAM",-0.182028683173216,"SAM","1"
"626","Solyc03g110890.1.1","c3.SAM",-0.389380835789345,"SAM","1"
"627","Solyc04g014830.1.1","c3.SAM",-0.532326643049418,"SAM","1"
"628","Solyc05g007640.2.1","c3.SAM",-0.4708233842278,"SAM","1"
"629","Solyc05g043410.1.1","c3.SAM",-0.0561376259049655,"SAM","1"
"630","Solyc05g055540.1.1","c3.SAM",-0.965786192388615,"SAM","1"
"631","Solyc06g071610.1.1","c3.SAM",0.335606306609283,"SAM","1"
"632","Solyc06g074240.1.1","c3.SAM",-0.615401512958299,"SAM","1"
"633","Solyc07g005170.1.1","c3.SAM",-0.809274807354933,"SAM","1"
"634","Solyc07g008440.2.1","c3.SAM",0.0187682794549264,"SAM","1"
"635","Solyc07g043250.1.1","c3.SAM",0.0436393393650676,"SAM","1"
"636","Solyc07g047640.2.1","c3.SAM",-0.444775722030675,"SAM","1"
"637","Solyc07g049550.2.1","c3.SAM",-0.759659193515012,"SAM","1"
"638","Solyc08g016310.2.1","c3.SAM",-0.77724887828346,"SAM","1"
"639","Solyc08g022180.1.1","c3.SAM",0.41342287614976,"SAM","1"
"640","Solyc09g064490.1.1","c3.SAM",-0.443338218540465,"SAM","1"
"641","Solyc09g082550.2.1","c3.SAM",-0.287292148602907,"SAM","1"
"642","Solyc09g098250.2.1","c3.SAM",-0.167938019882757,"SAM","1"
"643","Solyc10g017610.1.1","c3.SAM",1.15934131797455,"SAM","1"
"644","Solyc10g083410.1.1","c3.SAM",-0.512844724392061,"SAM","1"
"645","Solyc11g031950.1.1","c3.SAM",-0.584078472359035,"SAM","1"
"646","Solyc11g040170.1.1","c3.SAM",0.442715001766209,"SAM","1"
"647","Solyc12g044180.1.1","c3.SAM",-0.460493492734883,"SAM","1"
"648","Solyc12g049500.1.1","c3.SAM",-0.862475560112325,"SAM","1"
"649","Solyc12g088640.1.1","c3.SAM",1.09009793734032,"SAM","1"
"650","Solyc03g078120.2.1","c3.SAM",-0.47395597882031,"SAM","1"
"651","Solyc03g118450.1.1","c3.SAM",0.297037149640221,"SAM","1"
"652","Solyc06g050160.2.1","c3.SAM",-0.783790583169298,"SAM","1"
"653","Solyc03g082550.2.1","c3.SAM",-0.444775722030675,"SAM","1"
"654","Solyc09g007710.2.1","c3.SAM",0.870341272565214,"SAM","1"
"655","Solyc00g230080.1.1","c3.SAM",-0.103373635949214,"SAM","1"
"656","Solyc01g007780.2.1","c3.SAM",0.860018923069232,"SAM","1"
"657","Solyc01g112050.2.1","c3.SAM",-0.474270048219489,"SAM","1"
"658","Solyc02g082050.2.1","c3.SAM",0.098371516033557,"SAM","1"
"659","Solyc07g055020.2.1","c3.SAM",0.296966093126068,"SAM","1"
"660","Solyc08g083400.2.1","c3.SAM",0.186073938207255,"SAM","1"
"661","Solyc09g014860.2.1","c3.SAM",-0.458258913173015,"SAM","1"
"662","Solyc12g010720.1.1","c3.SAM",0.0298486757051278,"SAM","1"
"663","Solyc10g055730.1.1","c3.SAM",-0.0150521118368647,"SAM","1"
"664","Solyc08g079190.1.1","c3.SAM",-0.107524311910028,"SAM","1"
"665","Solyc06g060530.1.1","c3.SAM",-0.474270048219489,"SAM","1"
"666","Solyc11g044250.1.1","c3.SAM",-0.462594717138522,"SAM","1"
"667","Solyc01g006250.1.1","d4.leaf",0.322587384163095,"leaf","1"
"668","Solyc01g006300.2.1","d4.leaf",0.619379689880112,"leaf","1"
"669","Solyc01g006850.1.1","d4.leaf",-0.613440806452521,"leaf","1"
"670","Solyc01g008940.2.1","d4.leaf",1.01464857158649,"leaf","1"
"671","Solyc01g017500.1.1","d4.leaf",-0.389434709214759,"leaf","1"
"672","Solyc01g080050.2.1","d4.leaf",0.210899204795759,"leaf","1"
"673","Solyc01g099260.2.1","d4.leaf",-0.444100493634558,"leaf","1"
"674","Solyc01g099450.2.1","d4.leaf",0.836004361099451,"leaf","1"
"675","Solyc01g103660.2.1","d4.leaf",0.868697498069921,"leaf","1"
"676","Solyc01g111160.2.1","d4.leaf",-0.729432927272557,"leaf","1"
"677","Solyc02g070420.2.1","d4.leaf",-0.774456244801999,"leaf","1"
"678","Solyc02g084130.2.1","d4.leaf",-0.467381804407905,"leaf","1"
"679","Solyc02g089480.1.1","d4.leaf",-0.708567929689676,"leaf","1"
"680","Solyc02g090690.1.1","d4.leaf",0.977998976996044,"leaf","1"
"681","Solyc02g091140.2.1","d4.leaf",0.316208615172412,"leaf","1"
"682","Solyc02g093380.1.1","d4.leaf",0.695875167626342,"leaf","1"
"683","Solyc03g013440.2.1","d4.leaf",0.98886820852315,"leaf","1"
"684","Solyc03g045150.1.1","d4.leaf",-0.749542169374166,"leaf","1"
"685","Solyc03g083730.1.1","d4.leaf",0.413706602176978,"leaf","1"
"686","Solyc03g113180.2.1","d4.leaf",-0.689092472070468,"leaf","1"
"687","Solyc03g119470.1.1","d4.leaf",1.41414783017389,"leaf","1"
"688","Solyc03g121680.1.1","d4.leaf",1.4230592561653,"leaf","1"
"689","Solyc03g122070.1.1","d4.leaf",-0.534511568798735,"leaf","1"
"690","Solyc04g015820.1.1","d4.leaf",0.576576748350872,"leaf","1"
"691","Solyc04g074400.1.1","d4.leaf",0.749240149380057,"leaf","1"
"692","Solyc04g074920.2.1","d4.leaf",-0.103209914992167,"leaf","1"
"693","Solyc04g074970.2.1","d4.leaf",-0.0469486616173342,"leaf","1"
"694","Solyc04g081990.2.1","d4.leaf",0.534309706947084,"leaf","1"
"695","Solyc05g026600.2.1","d4.leaf",0.508818638755821,"leaf","1"
"696","Solyc05g048820.2.1","d4.leaf",-0.881771667344245,"leaf","1"
"697","Solyc06g006020.1.1","d4.leaf",1.04871590462141,"leaf","1"
"698","Solyc06g009140.2.1","d4.leaf",0.351274325543653,"leaf","1"
"699","Solyc06g054150.1.1","d4.leaf",-0.296264348021805,"leaf","1"
"700","Solyc06g060010.2.1","d4.leaf",-0.608367108979912,"leaf","1"
"701","Solyc06g068190.1.1","d4.leaf",-0.054211687229984,"leaf","1"
"702","Solyc06g072320.2.1","d4.leaf",-0.678601404099031,"leaf","1"
"703","Solyc06g073580.2.1","d4.leaf",0.992225060426565,"leaf","1"
"704","Solyc06g075020.2.1","d4.leaf",0.540082800935713,"leaf","1"
"705","Solyc06g075520.2.1","d4.leaf",-0.442969373565921,"leaf","1"
"706","Solyc06g082770.2.1","d4.leaf",-0.860468170650931,"leaf","1"
"707","Solyc07g008400.1.1","d4.leaf",1.19765376005077,"leaf","1"
"708","Solyc07g042510.2.1","d4.leaf",0.71061017558562,"leaf","1"
"709","Solyc07g047740.2.1","d4.leaf",0.959147579427308,"leaf","1"
"710","Solyc07g048060.1.1","d4.leaf",0.314667460589742,"leaf","1"
"711","Solyc07g054710.1.1","d4.leaf",-0.748512109772395,"leaf","1"
"712","Solyc08g013960.1.1","d4.leaf",-0.566456899354609,"leaf","1"
"713","Solyc08g060840.1.1","d4.leaf",0.533644749750035,"leaf","1"
"714","Solyc09g011580.2.1","d4.leaf",0.443285426010805,"leaf","1"
"715","Solyc09g015350.2.1","d4.leaf",1.46228352975845,"leaf","1"
"716","Solyc09g075520.1.1","d4.leaf",-0.472957023279236,"leaf","1"
"717","Solyc09g091110.2.1","d4.leaf",-1.05077998612469,"leaf","1"
"718","Solyc10g080670.1.1","d4.leaf",-0.88065831781501,"leaf","1"
"719","Solyc10g084540.1.1","d4.leaf",0.623142493575244,"leaf","1"
"720","Solyc11g007600.1.1","d4.leaf",-0.370230647693227,"leaf","1"
"721","Solyc11g008520.1.1","d4.leaf",0.796870507647706,"leaf","1"
"722","Solyc11g010220.1.1","d4.leaf",0.271197537480664,"leaf","1"
"723","Solyc11g011350.1.1","d4.leaf",-0.505050748128964,"leaf","1"
"724","Solyc11g011790.1.1","d4.leaf",0.38794935536649,"leaf","1"
"725","Solyc11g011890.1.1","d4.leaf",0.145430347435104,"leaf","1"
"726","Solyc12g010500.1.1","d4.leaf",1.60939441298058,"leaf","1"
"727","Solyc12g010570.1.1","d4.leaf",-0.956841470294914,"leaf","1"
"728","Solyc12g100350.1.1","d4.leaf",1.14433465694193,"leaf","1"
"729","Solyc01g056330.1.1","d4.leaf",0.787974192538466,"leaf","1"
"730","Solyc01g095560.2.1","d4.leaf",-0.741877246217422,"leaf","1"
"731","Solyc01g110180.2.1","d4.leaf",0.101285885279423,"leaf","1"
"732","Solyc02g050240.2.1","d4.leaf",-0.587576660311091,"leaf","1"
"733","Solyc02g069870.1.1","d4.leaf",0.034809481646014,"leaf","1"
"734","Solyc02g085320.1.1","d4.leaf",0.430263851473205,"leaf","1"
"735","Solyc02g092770.2.1","d4.leaf",-0.771010061188182,"leaf","1"
"736","Solyc03g083880.2.1","d4.leaf",1.21404675314967,"leaf","1"
"737","Solyc03g110890.1.1","d4.leaf",1.05029439526569,"leaf","1"
"738","Solyc04g014830.1.1","d4.leaf",-0.292578267869921,"leaf","1"
"739","Solyc05g007640.2.1","d4.leaf",-0.4708233842278,"leaf","1"
"740","Solyc05g043410.1.1","d4.leaf",-0.894584327765452,"leaf","1"
"741","Solyc05g055540.1.1","d4.leaf",0.524418117940851,"leaf","1"
"742","Solyc06g071610.1.1","d4.leaf",0.272238632051506,"leaf","1"
"743","Solyc06g074240.1.1","d4.leaf",-0.615401512958299,"leaf","1"
"744","Solyc07g005170.1.1","d4.leaf",-0.990700332746802,"leaf","1"
"745","Solyc07g008440.2.1","d4.leaf",-0.516473415577518,"leaf","1"
"746","Solyc07g043250.1.1","d4.leaf",0.607641931673106,"leaf","1"
"747","Solyc07g047640.2.1","d4.leaf",-0.444775722030675,"leaf","1"
"748","Solyc07g049550.2.1","d4.leaf",-0.0253139936698861,"leaf","1"
"749","Solyc08g016310.2.1","d4.leaf",0.530435648374724,"leaf","1"
"750","Solyc08g022180.1.1","d4.leaf",-0.736853294652245,"leaf","1"
"751","Solyc09g064490.1.1","d4.leaf",-0.443338218540465,"leaf","1"
"752","Solyc09g082550.2.1","d4.leaf",0.824378537705422,"leaf","1"
"753","Solyc09g098250.2.1","d4.leaf",0.291822421394903,"leaf","1"
"754","Solyc10g017610.1.1","d4.leaf",-0.32991118540813,"leaf","1"
"755","Solyc10g083410.1.1","d4.leaf",-0.709918917545311,"leaf","1"
"756","Solyc11g031950.1.1","d4.leaf",-0.0129353063003219,"leaf","1"
"757","Solyc11g040170.1.1","d4.leaf",0.730606082504435,"leaf","1"
"758","Solyc12g044180.1.1","d4.leaf",-0.460493492734883,"leaf","1"
"759","Solyc12g049500.1.1","d4.leaf",0.400526681686133,"leaf","1"
"760","Solyc12g088640.1.1","d4.leaf",-0.614486278998249,"leaf","1"
"761","Solyc03g078120.2.1","d4.leaf",-0.47395597882031,"leaf","1"
"762","Solyc03g118450.1.1","d4.leaf",-0.976118702941009,"leaf","1"
"763","Solyc06g050160.2.1","d4.leaf",-0.00911684787371202,"leaf","1"
"764","Solyc03g082550.2.1","d4.leaf",-0.444775722030675,"leaf","1"
"765","Solyc09g007710.2.1","d4.leaf",-0.595562948018381,"leaf","1"
"766","Solyc00g230080.1.1","d4.leaf",-0.834906776484868,"leaf","1"
"767","Solyc01g007780.2.1","d4.leaf",-0.592012431960275,"leaf","1"
"768","Solyc01g112050.2.1","d4.leaf",-0.474270048219489,"leaf","1"
"769","Solyc02g082050.2.1","d4.leaf",-0.658963321948411,"leaf","1"
"770","Solyc07g055020.2.1","d4.leaf",-0.564532242479803,"leaf","1"
"771","Solyc08g083400.2.1","d4.leaf",0.420138847432062,"leaf","1"
"772","Solyc09g014860.2.1","d4.leaf",-0.458258913173015,"leaf","1"
"773","Solyc12g010720.1.1","d4.leaf",0.827615162607216,"leaf","1"
"774","Solyc10g055730.1.1","d4.leaf",-0.66935529339409,"leaf","1"
"775","Solyc08g079190.1.1","d4.leaf",-0.649245768109021,"leaf","1"
"776","Solyc06g060530.1.1","d4.leaf",-0.474270048219489,"leaf","1"
"777","Solyc11g044250.1.1","d4.leaf",-0.462594717138522,"leaf","1"
"778","Solyc01g006250.1.1","d4.SAM",-0.306648904132264,"SAM","1"
"779","Solyc01g006300.2.1","d4.SAM",-0.637461970117854,"SAM","1"
"780","Solyc01g006850.1.1","d4.SAM",-0.65617080077631,"SAM","1"
"781","Solyc01g008940.2.1","d4.SAM",-0.697679074344922,"SAM","1"
"782","Solyc01g017500.1.1","d4.SAM",-0.907196589171203,"SAM","1"
"783","Solyc01g080050.2.1","d4.SAM",0.0546151307919726,"SAM","1"
"784","Solyc01g099260.2.1","d4.SAM",-0.444100493634558,"SAM","1"
"785","Solyc01g099450.2.1","d4.SAM",-0.338787204737096,"SAM","1"
"786","Solyc01g103660.2.1","d4.SAM",-0.728228043679359,"SAM","1"
"787","Solyc01g111160.2.1","d4.SAM",-0.729432927272557,"SAM","1"
"788","Solyc02g070420.2.1","d4.SAM",-0.774456244801999,"SAM","1"
"789","Solyc02g084130.2.1","d4.SAM",-0.467381804407905,"SAM","1"
"790","Solyc02g089480.1.1","d4.SAM",-0.708567929689676,"SAM","1"
"791","Solyc02g090690.1.1","d4.SAM",-0.356917949414596,"SAM","1"
"792","Solyc02g091140.2.1","d4.SAM",-0.701065918927538,"SAM","1"
"793","Solyc02g093380.1.1","d4.SAM",-1.10919237303049,"SAM","1"
"794","Solyc03g013440.2.1","d4.SAM",-1.1257820473437,"SAM","1"
"795","Solyc03g045150.1.1","d4.SAM",-0.749542169374166,"SAM","1"
"796","Solyc03g083730.1.1","d4.SAM",1.18704601839323,"SAM","1"
"797","Solyc03g113180.2.1","d4.SAM",0.632398278524085,"SAM","1"
"798","Solyc03g119470.1.1","d4.SAM",-0.839537577805585,"SAM","1"
"799","Solyc03g121680.1.1","d4.SAM",-0.615782117104247,"SAM","1"
"800","Solyc03g122070.1.1","d4.SAM",0.41000518172933,"SAM","1"
"801","Solyc04g015820.1.1","d4.SAM",-0.933195424580598,"SAM","1"
"802","Solyc04g074400.1.1","d4.SAM",-0.265861274585029,"SAM","1"
"803","Solyc04g074920.2.1","d4.SAM",-0.534143022244175,"SAM","1"
"804","Solyc04g074970.2.1","d4.SAM",0.584519927722566,"SAM","1"
"805","Solyc04g081990.2.1","d4.SAM",0.395392522989181,"SAM","1"
"806","Solyc05g026600.2.1","d4.SAM",-0.776037391925983,"SAM","1"
"807","Solyc05g048820.2.1","d4.SAM",-0.881771667344245,"SAM","1"
"808","Solyc06g006020.1.1","d4.SAM",-0.612644124690902,"SAM","1"
"809","Solyc06g009140.2.1","d4.SAM",-0.0272157041914512,"SAM","1"
"810","Solyc06g054150.1.1","d4.SAM",-0.0175593137988337,"SAM","1"
"811","Solyc06g060010.2.1","d4.SAM",-0.608367108979912,"SAM","1"
"812","Solyc06g068190.1.1","d4.SAM",-0.737083495990031,"SAM","1"
"813","Solyc06g072320.2.1","d4.SAM",0.0149093038698646,"SAM","1"
"814","Solyc06g073580.2.1","d4.SAM",-1.07511697616059,"SAM","1"
"815","Solyc06g075020.2.1","d4.SAM",-0.140247610343354,"SAM","1"
"816","Solyc06g075520.2.1","d4.SAM",-0.442969373565921,"SAM","1"
"817","Solyc06g082770.2.1","d4.SAM",0.341009425726598,"SAM","1"
"818","Solyc07g008400.1.1","d4.SAM",-0.665205730204944,"SAM","1"
"819","Solyc07g042510.2.1","d4.SAM",-1.09806840029376,"SAM","1"
"820","Solyc07g047740.2.1","d4.SAM",-0.732128834844405,"SAM","1"
"821","Solyc07g048060.1.1","d4.SAM",-0.885701101446958,"SAM","1"
"822","Solyc07g054710.1.1","d4.SAM",-0.748512109772395,"SAM","1"
"823","Solyc08g013960.1.1","d4.SAM",-0.566456899354609,"SAM","1"
"824","Solyc08g060840.1.1","d4.SAM",-0.256993121218869,"SAM","1"
"825","Solyc09g011580.2.1","d4.SAM",-0.238047343814012,"SAM","1"
"826","Solyc09g015350.2.1","d4.SAM",-0.895770432978995,"SAM","1"
"827","Solyc09g075520.1.1","d4.SAM",-0.472957023279236,"SAM","1"
"828","Solyc09g091110.2.1","d4.SAM",0.947937885607055,"SAM","1"
"829","Solyc10g080670.1.1","d4.SAM",-0.88065831781501,"SAM","1"
"830","Solyc10g084540.1.1","d4.SAM",-0.538747891862707,"SAM","1"
"831","Solyc11g007600.1.1","d4.SAM",0.087097144096449,"SAM","1"
"832","Solyc11g008520.1.1","d4.SAM",-1.08927953850316,"SAM","1"
"833","Solyc11g010220.1.1","d4.SAM",-0.348081739408088,"SAM","1"
"834","Solyc11g011350.1.1","d4.SAM",1.35738067586728,"SAM","1"
"835","Solyc11g011790.1.1","d4.SAM",0.0867149763558514,"SAM","1"
"836","Solyc11g011890.1.1","d4.SAM",-0.691023196922632,"SAM","1"
"837","Solyc12g010500.1.1","d4.SAM",-0.63164830497227,"SAM","1"
"838","Solyc12g010570.1.1","d4.SAM",0.193308588544508,"SAM","1"
"839","Solyc12g100350.1.1","d4.SAM",-1.0529762657928,"SAM","1"
"840","Solyc01g056330.1.1","d4.SAM",-0.811547744344342,"SAM","1"
"841","Solyc01g095560.2.1","d4.SAM",-0.741877246217422,"SAM","1"
"842","Solyc01g110180.2.1","d4.SAM",1.03106756014338,"SAM","1"
"843","Solyc02g050240.2.1","d4.SAM",0.59913529479767,"SAM","1"
"844","Solyc02g069870.1.1","d4.SAM",-0.785485204121434,"SAM","1"
"845","Solyc02g085320.1.1","d4.SAM",-1.58098285236186,"SAM","1"
"846","Solyc02g092770.2.1","d4.SAM",-0.771010061188182,"SAM","1"
"847","Solyc03g083880.2.1","d4.SAM",-0.315806434454683,"SAM","1"
"848","Solyc03g110890.1.1","d4.SAM",-0.131440038994538,"SAM","1"
"849","Solyc04g014830.1.1","d4.SAM",1.05819752324208,"SAM","1"
"850","Solyc05g007640.2.1","d4.SAM",-0.4708233842278,"SAM","1"
"851","Solyc05g043410.1.1","d4.SAM",-0.894584327765452,"SAM","1"
"852","Solyc05g055540.1.1","d4.SAM",-0.805306203684844,"SAM","1"
"853","Solyc06g071610.1.1","d4.SAM",-0.827010688912149,"SAM","1"
"854","Solyc06g074240.1.1","d4.SAM",1.28696696992547,"SAM","1"
"855","Solyc07g005170.1.1","d4.SAM",-0.545150940453209,"SAM","1"
"856","Solyc07g008440.2.1","d4.SAM",-0.516473415577518,"SAM","1"
"857","Solyc07g043250.1.1","d4.SAM",-0.632495040433501,"SAM","1"
"858","Solyc07g047640.2.1","d4.SAM",-0.444775722030675,"SAM","1"
"859","Solyc07g049550.2.1","d4.SAM",-0.631196761930727,"SAM","1"
"860","Solyc08g016310.2.1","d4.SAM",-0.987237809813246,"SAM","1"
"861","Solyc08g022180.1.1","d4.SAM",-0.736853294652245,"SAM","1"
"862","Solyc09g064490.1.1","d4.SAM",-0.443338218540465,"SAM","1"
"863","Solyc09g082550.2.1","d4.SAM",0.107007200169308,"SAM","1"
"864","Solyc09g098250.2.1","d4.SAM",-0.505639696598241,"SAM","1"
"865","Solyc10g017610.1.1","d4.SAM",-0.08908883200267,"SAM","1"
"866","Solyc10g083410.1.1","d4.SAM",-0.709918917545311,"SAM","1"
"867","Solyc11g031950.1.1","d4.SAM",-1.17452513449166,"SAM","1"
"868","Solyc11g040170.1.1","d4.SAM",-0.0802157986896062,"SAM","1"
"869","Solyc12g044180.1.1","d4.SAM",-0.460493492734883,"SAM","1"
"870","Solyc12g049500.1.1","d4.SAM",-0.862475560112325,"SAM","1"
"871","Solyc12g088640.1.1","d4.SAM",-0.614486278998249,"SAM","1"
"872","Solyc03g078120.2.1","d4.SAM",-0.47395597882031,"SAM","1"
"873","Solyc03g118450.1.1","d4.SAM",0.508754451561804,"SAM","1"
"874","Solyc06g050160.2.1","d4.SAM",-0.0811893361956225,"SAM","1"
"875","Solyc03g082550.2.1","d4.SAM",-0.444775722030675,"SAM","1"
"876","Solyc09g007710.2.1","d4.SAM",-0.595562948018381,"SAM","1"
"877","Solyc00g230080.1.1","d4.SAM",-0.834906776484868,"SAM","1"
"878","Solyc01g007780.2.1","d4.SAM",-0.592012431960275,"SAM","1"
"879","Solyc01g112050.2.1","d4.SAM",-0.474270048219489,"SAM","1"
"880","Solyc02g082050.2.1","d4.SAM",-0.658963321948411,"SAM","1"
"881","Solyc07g055020.2.1","d4.SAM",-0.564532242479803,"SAM","1"
"882","Solyc08g083400.2.1","d4.SAM",-0.312289279930306,"SAM","1"
"883","Solyc09g014860.2.1","d4.SAM",-0.458258913173015,"SAM","1"
"884","Solyc12g010720.1.1","d4.SAM",-0.826114402882961,"SAM","1"
"885","Solyc10g055730.1.1","d4.SAM",-0.66935529339409,"SAM","1"
"886","Solyc08g079190.1.1","d4.SAM",-0.649245768109021,"SAM","1"
"887","Solyc06g060530.1.1","d4.SAM",-0.474270048219489,"SAM","1"
"888","Solyc11g044250.1.1","d4.SAM",-0.462594717138522,"SAM","1"
"889","Solyc01g006250.1.1","e5.leaf",0.683730343504238,"leaf","1"
"890","Solyc01g006300.2.1","e5.leaf",2.07550034493327,"leaf","1"
"891","Solyc01g006850.1.1","e5.leaf",1.21585559339073,"leaf","1"
"892","Solyc01g008940.2.1","e5.leaf",0.53786603040302,"leaf","1"
"893","Solyc01g017500.1.1","e5.leaf",1.38942740007216,"leaf","1"
"894","Solyc01g080050.2.1","e5.leaf",0.37939211575198,"leaf","1"
"895","Solyc01g099260.2.1","e5.leaf",1.03108658420281,"leaf","1"
"896","Solyc01g099450.2.1","e5.leaf",1.77938132296372,"leaf","1"
"897","Solyc01g103660.2.1","e5.leaf",0.911682461315171,"leaf","1"
"898","Solyc01g111160.2.1","e5.leaf",1.89410392252378,"leaf","1"
"899","Solyc02g070420.2.1","e5.leaf",1.6219497380402,"leaf","1"
"900","Solyc02g084130.2.1","e5.leaf",2.23158381288741,"leaf","1"
"901","Solyc02g089480.1.1","e5.leaf",2.08625748481523,"leaf","1"
"902","Solyc02g090690.1.1","e5.leaf",1.55621282052233,"leaf","1"
"903","Solyc02g091140.2.1","e5.leaf",1.75694119752232,"leaf","1"
"904","Solyc02g093380.1.1","e5.leaf",1.39467743228466,"leaf","1"
"905","Solyc03g013440.2.1","e5.leaf",1.18216623465149,"leaf","1"
"906","Solyc03g045150.1.1","e5.leaf",1.73775991676137,"leaf","1"
"907","Solyc03g083730.1.1","e5.leaf",1.34624069324081,"leaf","1"
"908","Solyc03g113180.2.1","e5.leaf",0.809215497328736,"leaf","1"
"909","Solyc03g119470.1.1","e5.leaf",0.707590750857338,"leaf","1"
"910","Solyc03g121680.1.1","e5.leaf",1.16802252204977,"leaf","1"
"911","Solyc03g122070.1.1","e5.leaf",0.865076099223299,"leaf","1"
"912","Solyc04g015820.1.1","e5.leaf",0.75911550411884,"leaf","1"
"913","Solyc04g074400.1.1","e5.leaf",1.69629676749738,"leaf","1"
"914","Solyc04g074920.2.1","e5.leaf",1.42144163110729,"leaf","1"
"915","Solyc04g074970.2.1","e5.leaf",1.59901914097823,"leaf","1"
"916","Solyc04g081990.2.1","e5.leaf",1.33486676428425,"leaf","1"
"917","Solyc05g026600.2.1","e5.leaf",2.03219939073959,"leaf","1"
"918","Solyc05g048820.2.1","e5.leaf",1.44685032190703,"leaf","1"
"919","Solyc06g006020.1.1","e5.leaf",1.50868509008964,"leaf","1"
"920","Solyc06g009140.2.1","e5.leaf",1.67111526337086,"leaf","1"
"921","Solyc06g054150.1.1","e5.leaf",2.14837027691525,"leaf","1"
"922","Solyc06g060010.2.1","e5.leaf",1.89577117380057,"leaf","1"
"923","Solyc06g068190.1.1","e5.leaf",2.42595291118675,"leaf","1"
"924","Solyc06g072320.2.1","e5.leaf",2.35081726338049,"leaf","1"
"925","Solyc06g073580.2.1","e5.leaf",1.09783393896525,"leaf","1"
"926","Solyc06g075020.2.1","e5.leaf",1.08885568985837,"leaf","1"
"927","Solyc06g075520.2.1","e5.leaf",1.01321901928807,"leaf","1"
"928","Solyc06g082770.2.1","e5.leaf",1.45689310762241,"leaf","1"
"929","Solyc07g008400.1.1","e5.leaf",0.591749945894008,"leaf","1"
"930","Solyc07g042510.2.1","e5.leaf",1.34806318650359,"leaf","1"
"931","Solyc07g047740.2.1","e5.leaf",1.64091607880472,"leaf","1"
"932","Solyc07g048060.1.1","e5.leaf",1.51147181058566,"leaf","1"
"933","Solyc07g054710.1.1","e5.leaf",1.41683008488742,"leaf","1"
"934","Solyc08g013960.1.1","e5.leaf",1.68172915391644,"leaf","1"
"935","Solyc08g060840.1.1","e5.leaf",1.73933656131046,"leaf","1"
"936","Solyc09g011580.2.1","e5.leaf",1.23528491602029,"leaf","1"
"937","Solyc09g015350.2.1","e5.leaf",0.799329492440653,"leaf","1"
"938","Solyc09g075520.1.1","e5.leaf",1.72986179224885,"leaf","1"
"939","Solyc09g091110.2.1","e5.leaf",1.40112105115992,"leaf","1"
"940","Solyc10g080670.1.1","e5.leaf",1.83299037378464,"leaf","1"
"941","Solyc10g084540.1.1","e5.leaf",0.64399572847066,"leaf","1"
"942","Solyc11g007600.1.1","e5.leaf",0.979945990401761,"leaf","1"
"943","Solyc11g008520.1.1","e5.leaf",1.08233008895059,"leaf","1"
"944","Solyc11g010220.1.1","e5.leaf",1.63159604564708,"leaf","1"
"945","Solyc11g011350.1.1","e5.leaf",0.978486813428469,"leaf","1"
"946","Solyc11g011790.1.1","e5.leaf",1.27021149154319,"leaf","1"
"947","Solyc11g011890.1.1","e5.leaf",1.66853891281719,"leaf","1"
"948","Solyc12g010500.1.1","e5.leaf",0.516849737862013,"leaf","1"
"949","Solyc12g010570.1.1","e5.leaf",1.35038829671491,"leaf","1"
"950","Solyc12g100350.1.1","e5.leaf",0.636320768396621,"leaf","1"
"951","Solyc01g056330.1.1","e5.leaf",0.366408060531393,"leaf","1"
"952","Solyc01g095560.2.1","e5.leaf",1.65945015160973,"leaf","1"
"953","Solyc01g110180.2.1","e5.leaf",0.651258483301551,"leaf","1"
"954","Solyc02g050240.2.1","e5.leaf",1.91594957414225,"leaf","1"
"955","Solyc02g069870.1.1","e5.leaf",2.25084500975819,"leaf","1"
"956","Solyc02g085320.1.1","e5.leaf",0.402722193482342,"leaf","1"
"957","Solyc02g092770.2.1","e5.leaf",1.29806294235057,"leaf","1"
"958","Solyc03g083880.2.1","e5.leaf",1.48487890762133,"leaf","1"
"959","Solyc03g110890.1.1","e5.leaf",0.557741292903567,"leaf","1"
"960","Solyc04g014830.1.1","e5.leaf",1.1785439250234,"leaf","1"
"961","Solyc05g007640.2.1","e5.leaf",1.6254043799355,"leaf","1"
"962","Solyc05g043410.1.1","e5.leaf",0.776537964249273,"leaf","1"
"963","Solyc05g055540.1.1","e5.leaf",2.08572039261098,"leaf","1"
"964","Solyc06g071610.1.1","e5.leaf",1.16968251821576,"leaf","1"
"965","Solyc06g074240.1.1","e5.leaf",1.76530881736673,"leaf","1"
"966","Solyc07g005170.1.1","e5.leaf",0.92393343618688,"leaf","1"
"967","Solyc07g008440.2.1","e5.leaf",2.37484197623286,"leaf","1"
"968","Solyc07g043250.1.1","e5.leaf",2.37408411922382,"leaf","1"
"969","Solyc07g047640.2.1","e5.leaf",2.51632140514587,"leaf","1"
"970","Solyc07g049550.2.1","e5.leaf",2.22408815168234,"leaf","1"
"971","Solyc08g016310.2.1","e5.leaf",1.81097910754601,"leaf","1"
"972","Solyc08g022180.1.1","e5.leaf",1.41567140269478,"leaf","1"
"973","Solyc09g064490.1.1","e5.leaf",1.01901576144147,"leaf","1"
"974","Solyc09g082550.2.1","e5.leaf",0.897030442785394,"leaf","1"
"975","Solyc09g098250.2.1","e5.leaf",1.09382467719118,"leaf","1"
"976","Solyc10g017610.1.1","e5.leaf",1.00692851956743,"leaf","1"
"977","Solyc10g083410.1.1","e5.leaf",1.63809178328704,"leaf","1"
"978","Solyc11g031950.1.1","e5.leaf",0.705649525536123,"leaf","1"
"979","Solyc11g040170.1.1","e5.leaf",0.81407134469928,"leaf","1"
"980","Solyc12g044180.1.1","e5.leaf",2.35081074533439,"leaf","1"
"981","Solyc12g049500.1.1","e5.leaf",1.46012491105552,"leaf","1"
"982","Solyc12g088640.1.1","e5.leaf",1.68404182845493,"leaf","1"
"983","Solyc03g078120.2.1","e5.leaf",1.98134936652022,"leaf","1"
"984","Solyc03g118450.1.1","e5.leaf",1.92896697967236,"leaf","1"
"985","Solyc06g050160.2.1","e5.leaf",0.919909792520531,"leaf","1"
"986","Solyc03g082550.2.1","e5.leaf",2.51632140514587,"leaf","1"
"987","Solyc09g007710.2.1","e5.leaf",2.0488372978159,"leaf","1"
"988","Solyc00g230080.1.1","e5.leaf",1.50709619546546,"leaf","1"
"989","Solyc01g007780.2.1","e5.leaf",2.09726188884894,"leaf","1"
"990","Solyc01g112050.2.1","e5.leaf",1.86022334497057,"leaf","1"
"991","Solyc02g082050.2.1","e5.leaf",1.692219236017,"leaf","1"
"992","Solyc07g055020.2.1","e5.leaf",1.86129652051196,"leaf","1"
"993","Solyc08g083400.2.1","e5.leaf",1.66494590660207,"leaf","1"
"994","Solyc09g014860.2.1","e5.leaf",1.28533557970526,"leaf","1"
"995","Solyc12g010720.1.1","e5.leaf",1.60905737909181,"leaf","1"
"996","Solyc10g055730.1.1","e5.leaf",1.66838611551132,"leaf","1"
"997","Solyc08g079190.1.1","e5.leaf",0.649490214817548,"leaf","1"
"998","Solyc06g060530.1.1","e5.leaf",1.86022334497057,"leaf","1"
"999","Solyc11g044250.1.1","e5.leaf",1.38120666827937,"leaf","1"
"1000","Solyc01g006250.1.1","e5.SAM",-1.21930113529721,"SAM","1"
"1001","Solyc01g006300.2.1","e5.SAM",-0.637461970117854,"SAM","1"
"1002","Solyc01g006850.1.1","e5.SAM",-0.716584408839717,"SAM","1"
"1003","Solyc01g008940.2.1","e5.SAM",-0.697679074344922,"SAM","1"
"1004","Solyc01g017500.1.1","e5.SAM",-0.907196589171203,"SAM","1"
"1005","Solyc01g080050.2.1","e5.SAM",-0.587029567398172,"SAM","1"
"1006","Solyc01g099260.2.1","e5.SAM",-0.444100493634558,"SAM","1"
"1007","Solyc01g099450.2.1","e5.SAM",-0.0515517120028985,"SAM","1"
"1008","Solyc01g103660.2.1","e5.SAM",-0.728228043679359,"SAM","1"
"1009","Solyc01g111160.2.1","e5.SAM",-0.729432927272557,"SAM","1"
"1010","Solyc02g070420.2.1","e5.SAM",0.194582039417269,"SAM","1"
"1011","Solyc02g084130.2.1","e5.SAM",-0.467381804407905,"SAM","1"
"1012","Solyc02g089480.1.1","e5.SAM",-0.708567929689676,"SAM","1"
"1013","Solyc02g090690.1.1","e5.SAM",0.693498753202834,"SAM","1"
"1014","Solyc02g091140.2.1","e5.SAM",-0.701065918927538,"SAM","1"
"1015","Solyc02g093380.1.1","e5.SAM",-0.124457265396423,"SAM","1"
"1016","Solyc03g013440.2.1","e5.SAM",-1.01197583918601,"SAM","1"
"1017","Solyc03g045150.1.1","e5.SAM",-0.749542169374166,"SAM","1"
"1018","Solyc03g083730.1.1","e5.SAM",-0.755113541415457,"SAM","1"
"1019","Solyc03g113180.2.1","e5.SAM",-0.586770680625977,"SAM","1"
"1020","Solyc03g119470.1.1","e5.SAM",-0.839537577805585,"SAM","1"
"1021","Solyc03g121680.1.1","e5.SAM",-0.615782117104247,"SAM","1"
"1022","Solyc03g122070.1.1","e5.SAM",-0.534511568798735,"SAM","1"
"1023","Solyc04g015820.1.1","e5.SAM",-0.966607764788679,"SAM","1"
"1024","Solyc04g074400.1.1","e5.SAM",0.321555779734378,"SAM","1"
"1025","Solyc04g074920.2.1","e5.SAM",-0.118399423044828,"SAM","1"
"1026","Solyc04g074970.2.1","e5.SAM",-0.510307506990783,"SAM","1"
"1027","Solyc04g081990.2.1","e5.SAM",0.195755556591063,"SAM","1"
"1028","Solyc05g026600.2.1","e5.SAM",-0.197039759396705,"SAM","1"
"1029","Solyc05g048820.2.1","e5.SAM",-0.881771667344245,"SAM","1"
"1030","Solyc06g006020.1.1","e5.SAM",-0.612644124690902,"SAM","1"
"1031","Solyc06g009140.2.1","e5.SAM",0.0648832301611665,"SAM","1"
"1032","Solyc06g054150.1.1","e5.SAM",-0.442682792230567,"SAM","1"
"1033","Solyc06g060010.2.1","e5.SAM",-0.608367108979912,"SAM","1"
"1034","Solyc06g068190.1.1","e5.SAM",-0.818419585031517,"SAM","1"
"1035","Solyc06g072320.2.1","e5.SAM",0.0901683935657465,"SAM","1"
"1036","Solyc06g073580.2.1","e5.SAM",-0.999444993018257,"SAM","1"
"1037","Solyc06g075020.2.1","e5.SAM",-0.747113167351212,"SAM","1"
"1038","Solyc06g075520.2.1","e5.SAM",-0.442969373565921,"SAM","1"
"1039","Solyc06g082770.2.1","e5.SAM",-0.860468170650931,"SAM","1"
"1040","Solyc07g008400.1.1","e5.SAM",-0.665205730204944,"SAM","1"
"1041","Solyc07g042510.2.1","e5.SAM",-1.09806840029376,"SAM","1"
"1042","Solyc07g047740.2.1","e5.SAM",-0.445053907879497,"SAM","1"
"1043","Solyc07g048060.1.1","e5.SAM",0.650084608339064,"SAM","1"
"1044","Solyc07g054710.1.1","e5.SAM",1.31283467314716,"SAM","1"
"1045","Solyc08g013960.1.1","e5.SAM",-0.566456899354609,"SAM","1"
"1046","Solyc08g060840.1.1","e5.SAM",0.610310251647153,"SAM","1"
"1047","Solyc09g011580.2.1","e5.SAM",-0.140311474782537,"SAM","1"
"1048","Solyc09g015350.2.1","e5.SAM",-0.402295853680417,"SAM","1"
"1049","Solyc09g075520.1.1","e5.SAM",-0.472957023279236,"SAM","1"
"1050","Solyc09g091110.2.1","e5.SAM",-0.156647383358962,"SAM","1"
"1051","Solyc10g080670.1.1","e5.SAM",0.23693114301931,"SAM","1"
"1052","Solyc10g084540.1.1","e5.SAM",-1.19151813145312,"SAM","1"
"1053","Solyc11g007600.1.1","e5.SAM",-1.32742601386317,"SAM","1"
"1054","Solyc11g008520.1.1","e5.SAM",0.0191909854850893,"SAM","1"
"1055","Solyc11g010220.1.1","e5.SAM",0.176812304801463,"SAM","1"
"1056","Solyc11g011350.1.1","e5.SAM",-1.19257984060437,"SAM","1"
"1057","Solyc11g011790.1.1","e5.SAM",-0.849170790782573,"SAM","1"
"1058","Solyc11g011890.1.1","e5.SAM",1.02860272213839,"SAM","1"
"1059","Solyc12g010500.1.1","e5.SAM",-1.01138907346202,"SAM","1"
"1060","Solyc12g010570.1.1","e5.SAM",0.658386189879713,"SAM","1"
"1061","Solyc12g100350.1.1","e5.SAM",-1.0529762657928,"SAM","1"
"1062","Solyc01g056330.1.1","e5.SAM",-0.811547744344342,"SAM","1"
"1063","Solyc01g095560.2.1","e5.SAM",-0.741877246217422,"SAM","1"
"1064","Solyc01g110180.2.1","e5.SAM",-0.0123156570347326,"SAM","1"
"1065","Solyc02g050240.2.1","e5.SAM",-0.587576660311091,"SAM","1"
"1066","Solyc02g069870.1.1","e5.SAM",-0.785485204121434,"SAM","1"
"1067","Solyc02g085320.1.1","e5.SAM",-0.283945700538482,"SAM","1"
"1068","Solyc02g092770.2.1","e5.SAM",-0.0659599648257356,"SAM","1"
"1069","Solyc03g083880.2.1","e5.SAM",-0.748986722069069,"SAM","1"
"1070","Solyc03g110890.1.1","e5.SAM",-0.671777179685003,"SAM","1"
"1071","Solyc04g014830.1.1","e5.SAM",0.0536965138607512,"SAM","1"
"1072","Solyc05g007640.2.1","e5.SAM",-0.4708233842278,"SAM","1"
"1073","Solyc05g043410.1.1","e5.SAM",0.918666954816214,"SAM","1"
"1074","Solyc05g055540.1.1","e5.SAM",-0.0212036208971212,"SAM","1"
"1075","Solyc06g071610.1.1","e5.SAM",0.389332961608294,"SAM","1"
"1076","Solyc06g074240.1.1","e5.SAM",-0.615401512958299,"SAM","1"
"1077","Solyc07g005170.1.1","e5.SAM",-0.151914981072663,"SAM","1"
"1078","Solyc07g008440.2.1","e5.SAM",-0.516473415577518,"SAM","1"
"1079","Solyc07g043250.1.1","e5.SAM",-0.632495040433501,"SAM","1"
"1080","Solyc07g047640.2.1","e5.SAM",-0.444775722030675,"SAM","1"
"1081","Solyc07g049550.2.1","e5.SAM",-0.819378888629873,"SAM","1"
"1082","Solyc08g016310.2.1","e5.SAM",-0.886988656558608,"SAM","1"
"1083","Solyc08g022180.1.1","e5.SAM",-0.736853294652245,"SAM","1"
"1084","Solyc09g064490.1.1","e5.SAM",-0.443338218540465,"SAM","1"
"1085","Solyc09g082550.2.1","e5.SAM",0.297523766758,"SAM","1"
"1086","Solyc09g098250.2.1","e5.SAM",0.402995543781312,"SAM","1"
"1087","Solyc10g017610.1.1","e5.SAM",-0.0771681872949891,"SAM","1"
"1088","Solyc10g083410.1.1","e5.SAM",-0.709918917545311,"SAM","1"
"1089","Solyc11g031950.1.1","e5.SAM",-1.46176871064044,"SAM","1"
"1090","Solyc11g040170.1.1","e5.SAM",-1.32525650797364,"SAM","1"
"1091","Solyc12g044180.1.1","e5.SAM",-0.460493492734883,"SAM","1"
"1092","Solyc12g049500.1.1","e5.SAM",-0.862475560112325,"SAM","1"
"1093","Solyc12g088640.1.1","e5.SAM",-0.614486278998249,"SAM","1"
"1094","Solyc03g078120.2.1","e5.SAM",-0.47395597882031,"SAM","1"
"1095","Solyc03g118450.1.1","e5.SAM",-0.976118702941009,"SAM","1"
"1096","Solyc06g050160.2.1","e5.SAM",-0.783790583169298,"SAM","1"
"1097","Solyc03g082550.2.1","e5.SAM",-0.444775722030675,"SAM","1"
"1098","Solyc09g007710.2.1","e5.SAM",-0.595562948018381,"SAM","1"
"1099","Solyc00g230080.1.1","e5.SAM",-0.834906776484868,"SAM","1"
"1100","Solyc01g007780.2.1","e5.SAM",-0.592012431960275,"SAM","1"
"1101","Solyc01g112050.2.1","e5.SAM",-0.474270048219489,"SAM","1"
"1102","Solyc02g082050.2.1","e5.SAM",0.312950513998125,"SAM","1"
"1103","Solyc07g055020.2.1","e5.SAM",-0.564532242479803,"SAM","1"
"1104","Solyc08g083400.2.1","e5.SAM",-0.263642481932658,"SAM","1"
"1105","Solyc09g014860.2.1","e5.SAM",-0.458258913173015,"SAM","1"
"1106","Solyc12g010720.1.1","e5.SAM",-0.826114402882961,"SAM","1"
"1107","Solyc10g055730.1.1","e5.SAM",-0.66935529339409,"SAM","1"
"1108","Solyc08g079190.1.1","e5.SAM",-0.649245768109021,"SAM","1"
"1109","Solyc06g060530.1.1","e5.SAM",-0.474270048219489,"SAM","1"
"1110","Solyc11g044250.1.1","e5.SAM",-0.462594717138522,"SAM","1"
